,,,,,CPX,,,,OC,,,,,,CL,,,,,,GS,,,,,,OCG,,,,,,,
instance,k/|V|,weight,|V|,|E|,T,EG,#N,GI,T,EG,#N,GI,#C,ST,T,EG,#N,GI,#C,ST,T,EG,#N,GI,#C,ST,T,EG,#N,GI,#C(OC),#C(CL),#C(GS),ST
1,20%,unit,6160,40207,87.2,NA,5320,66.0,23.9,NA,660,80.0,219,<0.1,7.1,NA,1,100.0,10,<0.1,90.0,NA,5320,66.0,0,0,6.7,NA,1,100.0,155,8,0,<0.1
3,20%,unit,60541,48418,12.4,NA,1,100.0,12.1,NA,1,100.0,0,0,19.0,NA,1,100.0,0,0,12.4,NA,1,100.0,0,0,18.9,NA,1,100.0,0,0,0,0
5,20%,unit,200,798,<0.1,NA,1,100.0,<0.1,NA,1,100.0,0,0,<0.1,NA,1,100.0,0,0,<0.1,NA,1,100.0,0,0,<0.1,NA,1,100.0,0,0,0,0
7,20%,unit,8794,10121,1.9,NA,1,100.0,1.6,NA,1,100.0,46,<0.1,1.9,NA,1,100.0,23,0,1.8,NA,1,100.0,0,0,1.8,NA,1,100.0,46,23,0,0
9,20%,unit,38452,174645,3587.0,2.6,1,71.4,3591.8,12.4,1,69.9,12000,<0.1,3582.1,0.2,1,96.3,7402,1.3,3591.7,2.6,1,71.4,0,0,3591.8,0.2,1,96.3,12000,5627,0,0.9
11,20%,unit,9877,25973,3472.9,0.1,168201,75.4,3447.7,0.1,159701,79.0,8869,0.8,9.3,NA,1,100.0,270,0.1,3438.4,0.1,166780,75.4,0,0.4,9.2,NA,1,100.0,4498,260,0,0.2
13,20%,unit,45307,36697,6.8,NA,1,100.0,6.9,NA,1,100.0,0,0,9.5,NA,1,100.0,0,0,6.8,NA,1,100.0,0,0,9.7,NA,1,100.0,0,0,0,0
15,20%,unit,53610,42940,9.1,NA,1,100.0,8.9,NA,1,100.0,0,0,13.0,NA,1,100.0,0,0,9.2,NA,1,100.0,0,0,13.1,NA,1,100.0,0,0,0,0
17,20%,unit,23541,34233,12.7,NA,1,100.0,11.2,NA,1,100.0,699,<0.1,14.6,NA,1,100.0,278,<0.1,12.8,NA,1,100.0,0,0.1,17.0,NA,1,100.0,696,252,0,0.1
19,20%,unit,200,862,<0.1,NA,1,100.0,<0.1,NA,1,100.0,0,0,<0.1,NA,1,100.0,0,0,<0.1,NA,1,100.0,0,0,<0.1,NA,1,100.0,0,0,0,0
21,20%,unit,24765,19655,2.1,NA,1,100.0,2.1,NA,1,100.0,0,0,3.0,NA,1,100.0,0,0,2.0,NA,1,100.0,0,0,3.0,NA,1,100.0,0,0,0,0
23,20%,unit,27717,133665,3590.9,10.3,1,69.4,3590.6,3.4,1,71.2,12000,<0.1,3584.0,0.5,20,93.6,12015,1.5,3577.8,3.6,1,70.3,0,<0.1,3591.6,1.6,1,93.6,12000,4848,0,0.4
25,20%,unit,23194,18295,1.8,NA,1,100.0,1.8,NA,1,100.0,0,0,2.6,NA,1,100.0,0,0,1.8,NA,1,100.0,0,0,2.6,NA,1,100.0,0,0,0,0
27,20%,unit,65866,52435,13.3,NA,1,100.0,13.8,NA,1,100.0,0,0,21.2,NA,1,100.0,0,0,13.3,NA,1,100.0,0,0,21.4,NA,1,100.0,0,0,0,0
29,20%,unit,13431,16234,3.3,NA,1,100.0,3.4,NA,1,100.0,115,0,4.0,NA,1,100.0,84,<0.1,3.3,NA,1,100.0,0,<0.1,4.0,NA,1,100.0,115,84,0,<0.1
31,20%,unit,200,813,0.1,NA,1,100.0,0.1,NA,1,100.0,82,0,0.2,NA,1,100.0,42,0,0.1,NA,1,100.0,0,0,0.1,NA,1,100.0,82,42,0,0
33,20%,unit,4410,6885,0.6,NA,1,100.0,0.5,NA,1,100.0,6,0,0.7,NA,1,100.0,6,0,0.6,NA,1,100.0,0,0,0.7,NA,1,100.0,6,6,0,0
35,20%,unit,200,864,0.1,NA,1,100.0,0.1,NA,1,100.0,69,0,0.1,NA,1,100.0,42,0,0.1,NA,1,100.0,9,0,0.1,NA,1,100.0,69,40,6,<0.1
37,20%,unit,198,808,0.3,NA,1,100.0,0.1,NA,1,100.0,123,<0.1,0.1,NA,1,100.0,20,0,0.3,NA,1,100.0,0,0,0.1,NA,1,100.0,123,22,0,<0.1
39,20%,unit,6795,10620,1.1,NA,1,100.0,1.1,NA,1,100.0,15,0,1.4,NA,1,100.0,15,0,1.1,NA,1,100.0,0,0,1.4,NA,1,100.0,15,15,0,0
41,20%,unit,200,1023,0.2,NA,1,100.0,0.1,NA,1,100.0,86,0,0.1,NA,1,100.0,37,0,0.2,NA,1,100.0,0,0,0.1,NA,1,100.0,76,37,0,0
43,20%,unit,200,841,0.1,NA,1,100.0,0.1,NA,1,100.0,57,<0.1,0.1,NA,1,100.0,42,0,0.1,NA,1,100.0,0,0,0.1,NA,1,100.0,57,42,0,<0.1
45,20%,unit,200,1020,0.2,NA,1,100.0,0.1,NA,1,100.0,99,<0.1,0.1,NA,1,100.0,63,0,0.2,NA,1,100.0,0,0,0.1,NA,1,100.0,99,63,0,<0.1
47,20%,unit,200,1093,0.2,NA,1,100.0,0.1,NA,1,100.0,105,<0.1,0.1,NA,1,100.0,74,0,0.2,NA,1,100.0,69,<0.1,0.1,NA,1,100.0,105,74,54,<0.1
49,20%,unit,200,933,0.1,NA,1,100.0,0.1,NA,1,100.0,4,0,0.1,NA,1,100.0,3,0,0.1,NA,1,100.0,4,0,0.1,NA,1,100.0,4,3,4,0
51,20%,unit,200,1098,0.3,NA,1,100.0,0.1,NA,1,100.0,117,0,0.2,NA,1,100.0,66,0,0.2,NA,1,100.0,78,<0.1,0.2,NA,1,100.0,117,56,79,<0.1
53,20%,unit,200,1026,0.1,NA,1,100.0,0.1,NA,1,100.0,64,0,0.1,NA,1,100.0,38,0,0.1,NA,1,100.0,17,0,0.1,NA,1,100.0,64,38,8,0
55,20%,unit,200,938,0.1,NA,1,100.0,0.2,NA,1,100.0,113,0,0.1,NA,1,100.0,54,0,0.1,NA,1,100.0,0,0,0.1,NA,1,100.0,112,54,0,<0.1
57,20%,unit,200,1160,0.6,NA,1,100.0,0.3,NA,1,100.0,193,<0.1,0.2,NA,1,100.0,76,<0.1,0.7,NA,1,100.0,72,<0.1,0.2,NA,1,100.0,198,84,71,<0.1
59,20%,unit,200,961,0.2,NA,1,100.0,0.1,NA,1,100.0,69,<0.1,0.2,NA,1,100.0,40,0,0.2,NA,1,100.0,0,0,0.1,NA,1,100.0,69,40,0,0
61,20%,unit,200,931,0.2,NA,1,100.0,0.1,NA,1,100.0,71,0,0.1,NA,1,100.0,34,0,0.2,NA,1,100.0,69,0,0.1,NA,1,100.0,71,34,69,0
63,20%,unit,200,1011,0.2,NA,1,100.0,0.2,NA,1,100.0,59,0,0.1,NA,1,100.0,36,0,0.2,NA,1,100.0,59,0,0.2,NA,1,100.0,60,36,59,<0.1
65,20%,unit,200,1011,0.1,NA,1,100.0,0.1,NA,1,100.0,61,0,0.1,NA,1,100.0,37,0,0.1,NA,1,100.0,14,0,0.1,NA,1,100.0,61,37,14,0
67,20%,unit,200,1174,0.2,NA,1,100.0,0.2,NA,1,100.0,64,0,0.1,NA,1,100.0,39,0,0.2,NA,1,100.0,0,0,0.2,NA,1,100.0,64,39,0,<0.1
69,20%,unit,200,1083,0.5,NA,1,100.0,0.2,NA,1,100.0,141,0,0.3,NA,1,100.0,64,0,0.8,NA,1,100.0,205,<0.1,0.2,NA,1,100.0,137,66,74,<0.1
71,20%,unit,200,952,0.3,NA,1,100.0,0.2,NA,1,100.0,165,0,0.2,NA,1,100.0,46,0,0.4,NA,1,100.0,64,0,0.2,NA,1,100.0,169,31,64,<0.1
73,20%,unit,200,1078,0.1,NA,1,100.0,0.1,NA,1,100.0,71,<0.1,0.2,NA,1,100.0,38,0,0.1,NA,1,100.0,147,0,0.1,NA,1,100.0,82,38,66,<0.1
75,20%,unit,26300,41500,9.2,NA,1,100.0,9.2,NA,1,100.0,79,0,13.4,NA,1,100.0,79,<0.1,9.1,NA,1,100.0,0,0,13.4,NA,1,100.0,79,79,0,<0.1
77,20%,unit,200,961,0.2,NA,1,100.0,0.1,NA,1,100.0,69,0,0.2,NA,1,100.0,40,0,0.2,NA,1,100.0,0,0,0.1,NA,1,100.0,69,40,0,0
79,20%,unit,26300,41500,9.8,NA,1,100.0,9.7,NA,1,100.0,74,0,14.0,NA,1,100.0,74,<0.1,9.5,NA,1,100.0,0,0,14.6,NA,1,100.0,74,74,0,0.1
81,20%,unit,199,1091,0.1,NA,1,100.0,0.1,NA,1,100.0,87,<0.1,0.1,NA,1,100.0,39,0,0.1,NA,1,100.0,70,0,0.1,NA,1,100.0,87,39,70,<0.1
83,20%,unit,200,1172,0.9,NA,6,88.2,0.6,NA,1,100.0,296,0.1,0.6,NA,1,100.0,69,0,1.4,NA,9,89.0,144,<0.1,0.6,NA,1,100.0,292,48,76,<0.1
85,20%,unit,11470,17408,0.9,NA,1,100.0,0.9,NA,1,100.0,0,0,1.6,NA,1,100.0,0,0,0.9,NA,1,100.0,0,0,1.6,NA,1,100.0,0,0,0,0
87,20%,unit,13590,21240,2.9,NA,1,100.0,2.9,NA,1,100.0,30,<0.1,3.9,NA,1,100.0,30,<0.1,2.8,NA,1,100.0,0,0,3.9,NA,1,100.0,30,30,0,<0.1
89,20%,unit,57316,77978,3448.6,0.1,17501,48.6,3455.4,0.2,13801,52.5,23737,7.4,3465.0,0.1,14397,52.8,2438,0.3,3503.1,0.1,17971,48.6,0,3.9,3511.1,0.1,11801,53.2,23278,1037,0,12.0
91,20%,unit,200,1163,0.6,NA,1,100.0,0.2,NA,1,100.0,180,<0.1,0.2,NA,1,100.0,80,0,0.6,NA,1,100.0,0,0,0.2,NA,1,100.0,147,75,0,<0.1
93,20%,unit,200,1162,0.2,NA,1,100.0,0.1,NA,1,100.0,73,0,0.1,NA,1,100.0,23,0,0.2,NA,1,100.0,51,0,0.1,NA,1,100.0,52,23,51,0
95,20%,unit,15783,24663,5.7,NA,1,100.0,5.9,NA,1,100.0,41,0,7.4,NA,1,100.0,41,0.1,5.5,NA,1,100.0,0,0,7.3,NA,1,100.0,41,41,0,0.1
97,20%,unit,18096,28281,5.0,NA,1,100.0,5.2,NA,1,100.0,38,0,6.9,NA,1,100.0,38,<0.1,5.1,NA,1,100.0,0,0,7.0,NA,1,100.0,38,38,0,<0.1
99,20%,unit,26300,41500,10.6,NA,1,100.0,10.7,NA,1,100.0,75,0,14.4,NA,1,100.0,75,<0.1,10.5,NA,1,100.0,0,<0.1,14.3,NA,1,100.0,75,75,0,0.1
101,20%,unit,26300,41500,10.5,NA,1,100.0,11.4,NA,1,100.0,75,0,15.1,NA,1,100.0,75,<0.1,11.8,NA,1,100.0,0,0,15.0,NA,1,100.0,75,75,0,<0.1
103,20%,unit,15783,24663,3.9,NA,1,100.0,3.9,NA,1,100.0,36,0,5.8,NA,1,100.0,36,0.1,3.7,NA,1,100.0,0,0,5.5,NA,1,100.0,36,36,0,<0.1
105,20%,unit,26300,41500,10.7,NA,1,100.0,11.2,NA,1,100.0,75,<0.1,16.0,NA,1,100.0,75,0.1,10.8,NA,1,100.0,0,<0.1,15.2,NA,1,100.0,75,75,0,<0.1
107,20%,unit,13590,21240,3.1,NA,1,100.0,3.1,NA,1,100.0,31,0,4.2,NA,1,100.0,31,<0.1,3.1,NA,1,100.0,0,0,4.1,NA,1,100.0,31,31,0,<0.1
109,20%,unit,66992,90970,3505.7,0.2,11501,46.7,3559.3,0.2,6235,55.9,24000,8.6,3484.9,0.2,5701,54.3,3814,0.5,3485.9,0.2,11101,46.7,0,6.8,3531.8,0.2,5077,60.0,24000,3785,0,16.0
111,20%,unit,450,17831,3510.5,2.3,11745,67.6,3554.3,1.6,3436,75.7,10591,<0.1,3524.7,6.7,1,80.6,75852,2.3,3479.2,2.2,12198,69.6,3109,1.1,3547.0,6.5,1,84.4,10591,73100,363,2.3
113,20%,unit,26300,41500,12.0,NA,1,100.0,12.0,NA,1,100.0,64,<0.1,16.4,NA,1,100.0,64,<0.1,12.2,NA,1,100.0,0,0,16.8,NA,1,100.0,64,62,0,<0.1
115,20%,unit,18096,28281,5.7,NA,1,100.0,5.7,NA,1,100.0,38,0,8.1,NA,1,100.0,38,0.1,5.6,NA,1,100.0,0,0,7.9,NA,1,100.0,38,38,0,<0.1
117,20%,unit,18096,28281,5.2,NA,1,100.0,5.3,NA,1,100.0,44,0,7.4,NA,1,100.0,44,<0.1,5.3,NA,1,100.0,0,0,7.7,NA,1,100.0,44,44,0,<0.1
119,20%,unit,18096,28281,5.0,NA,1,100.0,5.2,NA,1,100.0,35,0,7.3,NA,1,100.0,35,<0.1,5.1,NA,1,100.0,0,0,7.3,NA,1,100.0,35,35,0,<0.1
121,20%,unit,18096,28281,5.6,NA,1,100.0,5.9,NA,1,100.0,40,<0.1,8.0,NA,1,100.0,40,0.1,5.5,NA,1,100.0,0,0,8.0,NA,1,100.0,40,40,0,<0.1
123,20%,unit,26300,41500,11.6,NA,1,100.0,11.6,NA,1,100.0,80,0,15.9,NA,1,100.0,80,<0.1,11.2,NA,1,100.0,0,0,16.4,NA,1,100.0,80,78,0,<0.1
125,20%,unit,26300,41500,12.3,NA,1,100.0,13.3,NA,1,100.0,79,<0.1,16.5,NA,1,100.0,79,<0.1,12.5,NA,1,100.0,0,<0.1,16.9,NA,1,100.0,79,77,0,<0.1
127,20%,unit,18096,28281,6.7,NA,1,100.0,7.3,NA,1,100.0,51,<0.1,8.9,NA,1,100.0,51,<0.1,6.7,NA,1,100.0,0,<0.1,9.1,NA,1,100.0,51,49,0,<0.1
129,20%,unit,15783,24663,4.3,NA,1,100.0,4.8,NA,1,100.0,32,0,5.6,NA,1,100.0,32,<0.1,4.0,NA,1,100.0,0,0,6.2,NA,1,100.0,32,32,0,<0.1
131,20%,unit,2980,5360,0.6,NA,1,100.0,0.6,NA,1,100.0,1,0,0.6,NA,1,100.0,1,0,0.6,NA,1,100.0,0,0,0.7,NA,1,100.0,1,1,0,0
133,20%,unit,15783,24663,4.0,NA,1,100.0,4.0,NA,1,100.0,33,0,5.3,NA,1,100.0,33,<0.1,4.0,NA,1,100.0,0,0,5.6,NA,1,100.0,33,33,0,<0.1
135,20%,unit,26300,41500,12.7,NA,1,100.0,13.4,NA,1,100.0,71,<0.1,16.6,NA,1,100.0,71,<0.1,12.5,NA,1,100.0,0,<0.1,18.0,NA,1,100.0,71,69,0,<0.1
137,20%,unit,26300,41500,11.9,NA,1,100.0,14.5,NA,1,100.0,73,<0.1,16.8,NA,1,100.0,73,<0.1,11.9,NA,1,100.0,0,0,17.1,NA,1,100.0,73,71,0,<0.1
139,20%,unit,18096,28281,5.8,NA,1,100.0,5.8,NA,1,100.0,42,0,7.9,NA,1,100.0,42,<0.1,6.1,NA,1,100.0,0,0,8.2,NA,1,100.0,42,42,0,<0.1
141,20%,unit,18096,28281,5.4,NA,1,100.0,5.3,NA,1,100.0,27,0,7.3,NA,1,100.0,27,<0.1,5.6,NA,1,100.0,0,<0.1,7.5,NA,1,100.0,27,27,0,<0.1
143,20%,unit,18096,28281,6.5,NA,1,100.0,6.8,NA,1,100.0,37,0,8.7,NA,1,100.0,37,<0.1,6.9,NA,1,100.0,0,0,9.1,NA,1,100.0,37,35,0,<0.1
145,20%,unit,18096,28281,5.6,NA,1,100.0,5.6,NA,1,100.0,37,0,7.8,NA,1,100.0,37,<0.1,5.5,NA,1,100.0,0,0,7.7,NA,1,100.0,37,37,0,<0.1
147,20%,unit,18096,28281,5.5,NA,1,100.0,5.8,NA,1,100.0,34,<0.1,7.9,NA,1,100.0,34,<0.1,5.6,NA,1,100.0,0,0,7.9,NA,1,100.0,34,34,0,<0.1
149,20%,unit,26300,41500,12.0,NA,1,100.0,12.2,NA,1,100.0,70,<0.1,16.1,NA,1,100.0,70,<0.1,12.9,NA,1,100.0,0,0,16.6,NA,1,100.0,70,68,0,<0.1
151,20%,unit,15783,24663,3.9,NA,1,100.0,4.0,NA,1,100.0,35,0,5.5,NA,1,100.0,35,<0.1,3.9,NA,1,100.0,0,0,5.8,NA,1,100.0,35,35,0,0.1
153,20%,unit,29076,45570,12.5,NA,1,100.0,13.2,NA,1,100.0,52,<0.1,17.9,NA,1,100.0,52,<0.1,12.4,NA,1,100.0,0,0,17.6,NA,1,100.0,52,52,0,<0.1
155,20%,unit,26300,41500,12.3,NA,1,100.0,14.1,NA,1,100.0,78,<0.1,16.9,NA,1,100.0,78,<0.1,12.6,NA,1,100.0,0,0,18.0,NA,1,100.0,78,76,0,<0.1
157,20%,unit,2980,5360,0.2,NA,1,100.0,0.2,NA,1,100.0,0,0,0.3,NA,1,100.0,0,0,0.2,NA,1,100.0,0,0,0.3,NA,1,100.0,0,0,0,0
159,20%,unit,18096,28281,6.7,NA,1,100.0,6.7,NA,1,100.0,38,<0.1,8.7,NA,1,100.0,38,<0.1,6.8,NA,1,100.0,0,0,9.0,NA,1,100.0,38,36,0,<0.1
161,20%,unit,138141,227241,210.8,NA,1,100.0,221.2,NA,1,100.0,799,<0.1,275.5,NA,1,100.0,359,0.1,215.8,NA,1,100.0,0,0.4,291.2,NA,1,100.0,799,358,0,0.6
163,20%,unit,18096,28281,5.1,NA,1,100.0,5.2,NA,1,100.0,41,0,7.4,NA,1,100.0,41,<0.1,5.2,NA,1,100.0,0,0,7.3,NA,1,100.0,41,41,0,<0.1
165,20%,unit,18096,28281,4.9,NA,1,100.0,4.6,NA,1,100.0,34,0,6.7,NA,1,100.0,34,<0.1,4.6,NA,1,100.0,0,0,6.7,NA,1,100.0,34,34,0,0
167,20%,unit,15783,24663,6.7,NA,1,100.0,6.8,NA,1,100.0,40,0,8.3,NA,1,100.0,40,0.1,6.7,NA,1,100.0,0,0,8.4,NA,1,100.0,40,38,0,<0.1
169,20%,unit,4768,8576,2.1,NA,1,100.0,2.1,NA,1,100.0,2,<0.1,2.3,NA,1,100.0,2,<0.1,2.2,NA,1,100.0,0,0,2.3,NA,1,100.0,2,2,0,<0.1
171,20%,unit,18096,28281,5.6,NA,1,100.0,5.7,NA,1,100.0,31,<0.1,7.6,NA,1,100.0,31,<0.1,5.6,NA,1,100.0,0,0,7.6,NA,1,100.0,31,31,0,<0.1
173,20%,unit,56860,77264,3574.0,0.2,17801,44.1,3446.1,0.2,13401,46.1,24000,9.3,3487.9,0.1,8764,57.2,3606,0.4,3504.6,0.2,16990,44.1,0,4.3,3523.5,0.2,13458,46.4,24000,1071,0,13.8
175,20%,unit,3523,6446,0.8,NA,1,100.0,0.8,NA,1,100.0,4,0,1.0,NA,1,100.0,3,0,0.8,NA,1,100.0,0,0,0.9,NA,1,100.0,4,3,0,0
177,20%,unit,5066,9112,2.1,NA,1,100.0,2.1,NA,1,100.0,0,0,2.3,NA,1,100.0,0,0,2.1,NA,1,100.0,0,0,2.3,NA,1,100.0,0,0,0,0
179,20%,unit,15783,24663,6.7,NA,1,100.0,6.9,NA,1,100.0,46,<0.1,8.3,NA,1,100.0,46,<0.1,6.8,NA,1,100.0,0,0,8.2,NA,1,100.0,46,44,0,<0.1
181,20%,unit,18096,28281,5.0,NA,1,100.0,5.1,NA,1,100.0,24,0,7.2,NA,1,100.0,24,<0.1,5.0,NA,1,100.0,0,0,7.3,NA,1,100.0,24,24,0,<0.1
183,20%,unit,72420,118362,24.9,NA,1,100.0,24.8,NA,1,100.0,0,0,58.4,NA,1,100.0,0,0,25.2,NA,1,100.0,0,0,60.8,NA,1,100.0,0,0,0,0
185,20%,unit,3523,6446,1.5,NA,1,100.0,1.5,NA,1,100.0,13,0,1.6,NA,1,100.0,9,0,1.4,NA,1,100.0,0,<0.1,1.7,NA,1,100.0,13,9,0,0
187,20%,unit,4227,7734,1.8,NA,1,100.0,1.9,NA,1,100.0,1,0,2.0,NA,1,100.0,1,0,1.8,NA,1,100.0,2,0,2.0,NA,1,100.0,1,1,2,0
189,20%,unit,7400,13600,2.0,NA,1,100.0,2.0,NA,1,100.0,0,0,2.5,NA,1,100.0,0,0,2.0,NA,1,100.0,0,0,2.5,NA,1,100.0,0,0,0,0
191,20%,unit,4579,8378,2.1,NA,1,100.0,2.5,NA,1,100.0,35,0,2.7,NA,1,100.0,3,0,2.1,NA,1,100.0,0,0,2.6,NA,1,100.0,35,3,0,0
193,20%,unit,7030,12920,5.0,NA,1,100.0,5.2,NA,1,100.0,4,<0.1,5.2,NA,1,100.0,4,<0.1,5.0,NA,1,100.0,0,0,5.6,NA,1,100.0,4,4,0,<0.1
195,20%,unit,1150,81068,3591.1,7.5,184,37.0,3591.4,7.9,7,41.6,10568,<0.1,3591.5,6.1,1,41.5,8029,0.3,3591.5,6.7,23,37.2,9393,12.7,3591.6,6.9,1,42.5,10568,5642,922,0.8
197,20%,unit,1534,127011,3591.6,7.5,11,42.2,3591.6,7.9,1,43.5,10026,<0.1,3591.6,5.2,1,41.5,8532,0.2,3590.3,6.3,1,42.7,3886,5.0,3591.6,8.2,1,40.0,10026,5925,612,0.8
199,20%,unit,1534,126163,3591.6,5.1,1,43.1,3591.3,8.2,1,43.2,10002,<0.1,3587.6,6.9,1,39.6,8532,0.2,3591.6,6.5,1,30.7,13745,26.5,3591.2,9.5,1,36.9,10002,4977,1224,1.2
1,30%,unit,6160,40207,3435.6,<0.1,228021,93.8,3457.0,<0.1,187847,97.3,5712,0.9,8.7,NA,1,100.0,368,0.1,3396.5,<0.1,212042,93.8,0,0.7,11.7,NA,1,100.0,2590,292,0,0.2
3,30%,unit,60541,48418,11.9,NA,1,100.0,11.7,NA,1,100.0,0,0,18.7,NA,1,100.0,0,0,12.0,NA,1,100.0,0,0,18.9,NA,1,100.0,0,0,0,0
5,30%,unit,200,798,0.6,NA,5,87.6,0.2,NA,1,100.0,160,<0.1,0.2,NA,1,100.0,72,0,0.6,NA,5,87.6,112,<0.1,0.3,NA,1,100.0,155,67,112,<0.1
7,30%,unit,8794,10121,2.4,NA,1,100.0,1.7,NA,1,100.0,40,<0.1,2.8,NA,1,100.0,22,0,2.4,NA,1,100.0,0,0,2.0,NA,1,100.0,40,22,0,0
9,30%,unit,38452,174645,3566.5,0.6,577,85.0,3533.2,0.6,1155,85.9,12000,<0.1,1763.2,NA,341,100.0,3963,0.8,3538.1,0.6,1554,85.0,0,0,1462.5,NA,201,100.0,12000,4015,0,1.2
11,30%,unit,9877,25973,3510.4,<0.1,267401,89.5,3422.8,<0.1,168601,91.0,10119,0.9,12.4,NA,1,100.0,510,0.1,3481.3,<0.1,266087,89.5,0,1.1,15.0,NA,1,100.0,5565,391,0,0.8
13,30%,unit,45307,36697,7.4,NA,1,100.0,7.5,NA,1,100.0,0,0,10.7,NA,1,100.0,0,0,7.4,NA,1,100.0,0,0,10.5,NA,1,100.0,0,0,0,0
15,30%,unit,53610,42940,9.0,NA,1,100.0,9.2,NA,1,100.0,0,0,13.0,NA,1,100.0,0,0,9.1,NA,1,100.0,0,0,12.9,NA,1,100.0,0,0,0,0
17,30%,unit,23541,34233,25.1,NA,1,100.0,22.8,NA,1,100.0,1864,0.1,27.9,NA,1,100.0,341,<0.1,23.7,NA,1,100.0,0,1.1,22.4,NA,1,100.0,1847,252,0,1.2
19,30%,unit,200,862,0.6,NA,1,100.0,0.5,NA,1,100.0,184,0.1,0.5,NA,1,100.0,83,0,1.1,NA,8,88.9,228,0.1,0.5,NA,1,100.0,176,76,116,0.1
21,30%,unit,24765,19655,2.4,NA,1,100.0,2.4,NA,1,100.0,0,0,3.4,NA,1,100.0,0,0,2.4,NA,1,100.0,0,0,3.1,NA,1,100.0,0,0,0,0
23,30%,unit,27717,133665,3570.0,0.6,8636,82.8,3564.3,0.6,7721,82.9,12000,0.1,467.7,NA,201,100.0,1938,0.3,3515.6,0.6,7601,82.8,0,7.1,523.1,NA,801,100.0,12000,1628,0,7.5
25,30%,unit,23194,18295,1.9,NA,1,100.0,2.0,NA,1,100.0,0,0,2.8,NA,1,100.0,0,0,2.0,NA,1,100.0,0,0,2.8,NA,1,100.0,0,0,0,0
27,30%,unit,65866,52435,13.6,NA,1,100.0,13.5,NA,1,100.0,0,0,21.9,NA,1,100.0,0,0,13.2,NA,1,100.0,0,0,21.2,NA,1,100.0,0,0,0,0
29,30%,unit,13431,16234,6.0,NA,1,100.0,6.1,NA,1,100.0,141,0,6.3,NA,1,100.0,108,<0.1,5.7,NA,1,100.0,0,<0.1,6.3,NA,1,100.0,141,108,0,<0.1
31,30%,unit,200,813,2.8,NA,157,90.5,1.3,NA,1,100.0,791,0.2,1.4,NA,8,95.3,184,0,2.1,NA,33,90.9,228,<0.1,1.0,NA,4,95.2,414,125,118,0.2
33,30%,unit,4410,6885,3457.2,0.6,423372,43.2,5.1,NA,1,100.0,1375,0.3,5.4,NA,1,100.0,1040,0,3447.3,0.6,417301,43.2,0,0.8,4.7,NA,1,100.0,1375,302,0,0.4
35,30%,unit,200,864,1.4,NA,12,90.2,0.6,NA,1,100.0,244,0.1,0.8,NA,5,92.5,97,0,1.6,NA,12,88.8,125,<0.1,0.6,NA,1,100.0,244,79,118,0.1
37,30%,unit,198,808,2.9,NA,163,82.7,2.3,NA,99,88.6,423,0.1,2.2,NA,168,84.1,70,0,4.4,NA,596,80.8,235,<0.1,1.8,NA,26,90.3,527,54,118,0.2
39,30%,unit,6795,10620,3535.4,0.6,211201,38.8,24.6,NA,1,100.0,2525,11.0,13.0,NA,1,100.0,1397,<0.1,3448.9,0.6,202907,38.8,0,3.7,28.3,NA,1,100.0,2525,384,0,14.4
41,30%,unit,200,1023,2.7,NA,57,89.5,1.0,NA,1,100.0,419,0.2,0.6,NA,1,100.0,165,0,2.3,NA,44,89.0,354,0.1,0.9,NA,1,100.0,394,139,120,0.2
43,30%,unit,200,841,1.2,NA,12,92.1,0.7,NA,5,94.4,256,0.1,0.6,NA,1,100.0,177,0,1.5,NA,18,92.5,343,0.1,0.5,NA,1,100.0,262,142,230,0.1
45,30%,unit,200,1020,5.2,NA,404,86.5,1.5,NA,1,100.0,1143,0.3,2.0,NA,25,93.7,162,0,4.0,NA,176,87.5,554,0.1,1.6,NA,1,100.0,1049,123,223,0.2
47,30%,unit,200,1093,2.7,NA,55,89.1,0.5,NA,1,100.0,281,0.1,0.9,NA,1,100.0,210,0,3.0,NA,50,93.0,351,0.1,0.6,NA,1,100.0,330,145,120,0.1
49,30%,unit,200,933,0.5,NA,1,100.0,0.2,NA,1,100.0,164,<0.1,0.2,NA,1,100.0,94,0,0.5,NA,1,100.0,119,<0.1,0.2,NA,1,100.0,170,95,119,<0.1
51,30%,unit,200,1098,6.6,NA,614,81.6,3.6,NA,83,94.3,820,0.3,3.5,NA,148,91.9,208,0,6.2,NA,464,80.7,457,0.1,3.1,NA,30,94.1,902,144,120,0.3
53,30%,unit,200,1026,1.7,NA,14,91.9,1.0,NA,1,100.0,503,0.2,0.6,NA,1,100.0,173,0,2.2,NA,17,92.6,139,<0.1,1.6,NA,5,98.2,544,137,121,0.3
55,30%,unit,200,938,2.3,NA,85,87.6,2.2,NA,21,95.3,589,0.2,1.5,NA,20,92.3,137,0,2.2,NA,93,86.9,346,0.1,1.3,NA,8,94.2,450,111,120,0.2
57,30%,unit,200,1160,6.1,NA,283,83.7,2.2,NA,7,97.6,834,0.2,3.0,NA,66,95.0,239,0,7.8,NA,543,85.0,360,0.1,1.9,NA,4,96.8,830,157,120,0.2
59,30%,unit,200,961,6.8,NA,1055,80.6,2.3,NA,28,92.9,738,0.2,3.3,NA,437,86.1,135,0,5.2,NA,599,81.5,362,0.1,2.6,NA,47,93.1,627,107,118,0.2
61,30%,unit,200,931,10.4,NA,2233,76.0,3.2,NA,78,91.8,927,0.3,3.6,NA,356,83.7,123,0,7.8,NA,1469,76.1,443,0.1,2.9,NA,40,92.2,863,76,215,0.3
63,30%,unit,200,1011,3.4,NA,272,84.0,2.7,NA,88,91.6,656,0.1,2.5,NA,111,89.8,187,0,3.4,NA,272,84.0,120,<0.1,2.7,NA,16,94.0,768,101,206,0.3
65,30%,unit,200,1011,1.3,NA,4,93.8,0.4,NA,1,100.0,225,<0.1,0.6,NA,1,100.0,131,<0.1,1.4,NA,1,100.0,237,<0.1,0.4,NA,1,100.0,299,107,120,0.1
67,30%,unit,200,1174,3.4,NA,128,81.6,1.6,NA,7,95.6,590,0.2,1.9,NA,25,94.0,209,<0.1,5.5,NA,418,81.6,229,<0.1,2.2,NA,17,96.1,480,166,118,0.2
69,30%,unit,200,1083,104.8,NA,18364,76.3,9.6,NA,356,90.6,1244,0.5,33.9,NA,4670,84.0,208,<0.1,25.5,NA,3021,71.3,452,0.1,6.4,NA,134,91.1,1149,147,120,0.5
71,30%,unit,200,952,3.9,NA,304,82.9,2.4,NA,14,93.9,801,0.2,2.8,NA,116,87.5,123,0,3.3,NA,134,83.4,120,<0.1,3.1,NA,46,93.4,814,77,224,0.3
73,30%,unit,200,1078,4.5,NA,258,82.5,0.9,NA,1,100.0,626,0.1,1.8,NA,14,95.5,182,0,4.2,NA,241,85.5,349,0.1,0.8,NA,1,100.0,656,126,130,0.1
75,30%,unit,26300,41500,3510.4,0.9,16354,21.6,3456.3,0.9,15872,21.6,300,30.1,381.1,NA,58,100.0,2934,0.2,3571.3,0.9,15935,21.6,0,<0.1,443.3,NA,1,100.0,8706,522,0,60.4
77,30%,unit,200,961,6.8,NA,1055,80.6,2.3,NA,28,92.9,738,0.2,3.3,NA,437,86.1,135,<0.1,5.3,NA,599,81.5,362,0.1,2.7,NA,47,93.1,627,107,118,0.2
79,30%,unit,26300,41500,3521.8,0.9,17071,21.6,3493.6,0.9,17110,21.6,300,30.1,3547.8,0.8,3886,28.2,2610,0.1,3532.4,0.9,17545,21.6,0,0,559.2,NA,1,100.0,6610,522,0,55.2
81,30%,unit,199,1091,2.5,NA,29,91.0,0.7,NA,1,100.0,228,0.1,0.6,NA,1,100.0,172,0,2.3,NA,9,93.0,350,0.1,0.9,NA,1,100.0,305,140,118,0.2
83,30%,unit,200,1172,11.7,NA,876,82.7,4.8,NA,44,94.7,1225,0.3,3.9,NA,86,91.1,238,0,9.6,NA,600,83.5,696,0.1,4.5,NA,40,95.5,1178,140,220,0.4
85,30%,unit,11470,17408,5.3,NA,1,100.0,5.3,NA,1,100.0,215,<0.1,6.1,NA,1,100.0,215,<0.1,5.4,NA,1,100.0,0,<0.1,6.2,NA,1,100.0,215,215,0,0.1
87,30%,unit,13590,21240,3530.4,0.7,150501,39.5,60.4,NA,1,100.0,4955,12.4,3530.3,0.6,62401,39.5,2007,0.2,3531.8,0.6,138823,39.5,0,0.5,60.7,NA,1,100.0,4658,446,0,11.2
89,30%,unit,57316,77978,3560.9,<0.1,530,99.2,3508.2,<0.1,450,99.6,30000,19.9,3567.8,<0.1,605,99.5,1590,0.3,3547.3,<0.1,544,99.2,0,0,3578.4,<0.1,634,99.6,30000,636,0,19.9
91,30%,unit,200,1163,221.9,NA,38153,72.5,11.7,NA,254,90.0,1941,0.6,28.5,NA,3355,82.8,248,0,77.5,NA,13749,72.9,355,0.1,11.9,NA,349,89.1,1304,157,120,0.4
93,30%,unit,200,1162,2.5,NA,13,92.8,1.1,NA,1,100.0,589,0.1,2.0,NA,15,97.5,242,0,3.8,NA,102,89.4,239,<0.1,1.2,NA,1,100.0,583,174,118,0.1
95,30%,unit,15783,24663,3549.7,0.6,79441,40.4,49.7,NA,1,100.0,6731,1.9,3558.9,0.6,47201,40.4,2079,0.2,3547.3,0.6,75701,40.4,0,0.6,52.8,NA,1,100.0,6731,462,0,2.2
97,30%,unit,18096,28281,3547.3,0.6,34763,39.6,147.9,NA,1,100.0,6731,25.9,3564.0,0.6,21015,39.6,2380,0.1,3568.1,0.6,40001,39.6,0,0.1,142.7,NA,1,100.0,6731,476,0,25.5
99,30%,unit,26300,41500,3576.3,0.9,15301,21.5,3574.4,0.9,15821,21.5,300,30.1,436.9,NA,1,100.0,2561,0.1,3546.3,0.9,15807,21.5,0,0.1,559.8,NA,1,100.0,8407,522,0,57.2
101,30%,unit,26300,41500,3555.0,0.9,15048,21.6,3547.9,0.9,15145,21.6,300,30.1,431.9,NA,1,100.0,3064,<0.1,3561.0,0.9,15121,21.6,0,<0.1,413.2,NA,1,100.0,9227,522,0,50.9
103,30%,unit,15783,24663,103.5,NA,1,100.0,95.4,NA,1,100.0,6667,11.4,3555.2,0.6,30401,39.3,2079,0.1,83.0,NA,1,100.0,0,0,97.3,NA,1,100.0,6667,462,0,11.5
105,30%,unit,26300,41500,3451.6,0.9,14863,21.7,3576.1,0.9,15201,21.7,300,30.1,3560.9,0.8,6171,28.2,2610,0.1,3540.1,0.9,14940,21.7,0,<0.1,415.5,NA,1,100.0,9673,522,0,23.1
107,30%,unit,13590,21240,3548.1,0.6,91803,40.5,38.7,NA,1,100.0,5557,0.8,3554.1,0.6,36950,40.5,2007,0.1,3519.5,0.6,91001,40.5,0,0.6,42.0,NA,1,100.0,5557,446,0,1.2
109,30%,unit,66992,90970,3592.0,0.3,11,99.4,3591.9,<0.1,1,99.9,30000,26.9,3573.4,0.1,84,99.7,1697,0.5,3591.9,0.3,11,99.4,0,0,3591.6,<0.1,1,99.8,30000,666,0,25.9
111,30%,unit,450,17831,3590.4,5.0,2203,58.5,3580.5,6.2,1378,62.3,10591,<0.1,3566.7,8.0,1,63.7,44892,1.4,3536.1,6.0,2901,57.6,8199,4.7,3577.2,8.0,1,68.1,10591,40936,542,1.4
113,30%,unit,26300,41500,3535.2,0.9,16008,21.7,3546.4,0.9,15891,21.7,300,30.2,365.5,NA,1,100.0,2616,0.1,3552.3,0.9,15914,21.7,0,<0.1,475.1,NA,1,100.0,9807,522,0,60.5
115,30%,unit,18096,28281,3464.8,0.6,53101,40.7,75.5,NA,1,100.0,7039,5.9,3577.3,0.6,31374,40.7,2142,0.1,3549.3,0.6,53601,40.7,0,0.7,83.0,NA,1,100.0,7039,476,0,6.7
117,30%,unit,18096,28281,3556.2,0.7,17872,30.2,3553.1,0.7,24208,30.2,650,30.2,3538.0,0.6,63099,40.0,2380,0.2,3558.6,0.7,17519,30.2,0,<0.1,160.6,NA,1,100.0,6849,476,0,21.6
119,30%,unit,18096,28281,3574.0,0.6,51601,39.3,216.6,NA,1,100.0,7891,27.5,165.6,NA,1,100.0,2718,<0.1,3574.0,0.6,62998,39.3,0,0.1,159.7,NA,1,100.0,7061,476,0,22.8
121,30%,unit,18096,28281,3567.4,0.6,34953,40.7,74.2,NA,1,100.0,8257,1.9,3523.8,0.6,26434,40.7,2142,0.1,3496.3,0.6,35801,40.7,0,0.6,73.8,NA,1,100.0,8257,476,0,2.4
123,30%,unit,26300,41500,3548.5,0.9,15108,21.6,3576.1,0.9,14401,21.6,300,30.1,411.3,NA,1,100.0,2610,0.1,3571.4,0.9,15201,21.6,0,0.1,424.9,NA,1,100.0,6865,522,0,59.5
125,30%,unit,26300,41500,3547.7,0.9,15312,21.5,3543.7,0.9,14817,21.5,300,30.1,415.6,NA,1,100.0,2949,0.1,3534.0,0.9,15134,21.5,0,<0.1,445.6,NA,1,100.0,8114,522,0,50.8
127,30%,unit,18096,28281,3518.3,0.6,52247,40.1,82.2,NA,1,100.0,7824,3.7,3550.1,0.6,22701,40.1,2142,0.1,3551.0,0.6,47288,40.1,0,0.8,74.5,NA,1,100.0,7824,476,0,4.0
129,30%,unit,15783,24663,3467.6,0.6,57500,41.0,55.2,NA,1,100.0,6687,2.2,3547.3,0.6,36401,41.0,2079,0.1,3517.2,0.6,78801,41.0,0,0.6,57.2,NA,1,100.0,6391,462,0,2.8
131,30%,unit,2980,5360,3566.3,0.5,189401,40.2,3545.9,0.4,80901,46.6,3952,27.5,3581.1,0.4,97685,42.6,459,0.2,3568.9,0.5,188882,40.2,0,0.5,3454.6,0.4,76260,46.7,3631,191,0,22.6
133,30%,unit,15783,24663,3564.7,0.6,57320,40.8,54.3,NA,1,100.0,6237,2.4,59.4,NA,1,100.0,2311,0.1,3563.6,0.6,43001,40.8,0,0.5,57.0,NA,1,100.0,6029,462,0,2.8
135,30%,unit,26300,41500,3569.1,0.9,15961,21.7,3591.1,0.9,15841,21.7,300,30.1,3551.4,0.8,9956,28.2,2349,0.1,3562.8,0.9,16061,21.7,0,<0.1,484.8,NA,1,100.0,8352,522,0,71.5
137,30%,unit,26300,41500,3575.2,0.9,15449,21.7,3580.5,0.9,15051,21.7,300,30.1,3576.4,0.8,8726,28.3,2349,0.1,3567.0,0.9,15540,21.7,0,<0.1,573.5,NA,1,100.0,8266,522,0,81.1
139,30%,unit,18096,28281,3548.8,0.6,41315,40.5,67.4,NA,1,100.0,7524,2.4,3553.8,0.6,32801,40.5,2142,0.1,3560.0,0.6,41971,40.5,0,0.6,86.5,NA,1,100.0,7524,476,0,3.2
141,30%,unit,18096,28281,3552.3,0.6,79401,40.4,96.8,NA,1,100.0,6796,4.2,3553.0,0.6,59891,40.4,2142,0.2,3562.9,0.7,75921,40.4,0,0.7,85.4,NA,1,100.0,6796,476,0,4.3
143,30%,unit,18096,28281,3547.7,0.6,70801,40.0,73.3,NA,1,100.0,7365,2.9,3559.7,0.6,31150,40.0,2142,0.1,3565.4,0.6,70601,40.0,0,0.7,89.9,NA,1,100.0,7365,476,0,3.8
145,30%,unit,18096,28281,3550.1,0.6,50001,40.1,165.2,NA,1,100.0,6999,12.8,3577.0,0.6,27603,40.1,2142,0.1,3554.8,0.6,49201,40.1,0,0.1,138.4,NA,1,100.0,6999,476,0,12.6
147,30%,unit,18096,28281,3520.9,0.6,53072,40.9,69.0,NA,1,100.0,7762,1.9,3574.6,0.6,75401,40.9,2142,0.2,3561.3,0.6,52698,40.9,0,0.7,90.3,NA,1,100.0,7762,476,0,3.0
149,30%,unit,26300,41500,3589.7,0.9,15916,21.5,3543.1,0.9,14411,21.5,300,30.1,3581.5,0.8,6791,28.1,2610,0.1,3556.2,0.9,15941,21.5,0,<0.1,489.1,NA,1,100.0,7717,522,0,50.6
151,30%,unit,15783,24663,3576.3,0.6,37901,40.7,58.8,NA,1,100.0,6456,3.1,56.9,NA,1,100.0,2310,<0.1,3578.0,0.6,34012,40.7,0,0.5,76.7,NA,1,100.0,6456,462,0,4.0
153,30%,unit,29076,45570,3573.4,0.5,28524,54.3,201.1,NA,1,100.0,6766,29.0,194.7,NA,1,100.0,4632,0.1,3562.7,0.5,28001,54.3,0,1.9,224.8,NA,1,100.0,7147,534,0,23.4
155,30%,unit,26300,41500,3574.9,0.9,16367,21.7,3527.0,1.0,16301,21.7,300,30.1,394.2,NA,1,100.0,2612,0.1,3564.0,0.9,16801,21.7,0,<0.1,708.9,NA,1,100.0,8818,522,0,62.5
157,30%,unit,2980,5360,3557.3,0.4,214289,43.3,3557.0,0.4,102081,48.9,2827,19.2,3582.0,0.4,122189,45.8,500,0.3,3574.6,0.4,214237,43.3,0,0.6,3565.1,0.3,102073,49.1,3163,211,0,22.1
159,30%,unit,18096,28281,3551.7,0.6,44201,40.0,80.5,NA,1,100.0,7681,3.4,3463.8,0.6,33601,40.0,2142,0.1,3553.5,0.6,45696,40.0,0,0.7,94.8,NA,1,100.0,7681,476,0,4.2
161,30%,unit,138141,227241,845.2,NA,1,100.0,793.5,NA,1,100.0,16289,1.9,905.4,NA,1,100.0,1432,0.8,923.0,NA,1,100.0,0,<0.1,822.1,NA,1,100.0,16086,768,0,1.9
163,30%,unit,18096,28281,3572.9,0.7,42301,39.9,214.9,NA,1,100.0,7552,15.2,3544.4,0.6,23501,39.9,2142,0.1,3557.7,0.7,43183,39.9,0,0.1,175.9,NA,1,100.0,7552,476,0,14.6
165,30%,unit,18096,28281,3395.2,0.6,66502,40.8,111.4,NA,1,100.0,7669,12.2,3380.1,0.6,58001,40.8,2142,0.2,3345.1,0.6,63301,40.8,0,0.1,114.2,NA,1,100.0,7669,476,0,12.3
167,30%,unit,15783,24663,3496.1,0.6,38847,40.2,83.5,NA,1,100.0,5691,12.2,3478.5,0.6,42244,40.2,2079,0.1,3512.1,0.6,36913,40.2,0,0.6,75.7,NA,1,100.0,5108,462,0,11.8
169,30%,unit,4768,8576,3549.4,0.5,76666,38.7,3542.9,0.4,38571,44.8,6231,87.4,3581.3,0.5,43473,40.9,737,0.2,3575.7,0.6,76237,38.7,0,0.5,3563.3,0.5,41895,45.3,7558,285,0,107.4
171,30%,unit,18096,28281,3574.1,0.6,39192,40.6,79.5,NA,1,100.0,7732,2.3,3561.1,0.6,38996,40.6,2142,0.1,3559.7,0.6,37601,40.6,0,0.6,99.1,NA,1,100.0,7732,476,0,3.1
173,30%,unit,56860,77264,3574.5,<0.1,676,99.1,3567.1,<0.1,359,99.7,30000,16.9,3585.0,<0.1,801,99.4,1480,0.3,3565.9,<0.1,570,99.1,0,0,3570.8,<0.1,551,99.6,30000,634,0,20.5
175,30%,unit,3523,6446,3565.5,0.6,153398,33.7,3540.1,0.6,60861,40.7,4609,33.4,3575.2,0.6,97277,37.6,691,0.3,3554.9,0.6,150924,33.7,0,0.6,3557.1,0.5,83101,40.6,4043,266,0,31.6
177,30%,unit,5066,9112,3526.7,0.5,67101,37.8,3568.6,0.5,37619,44.9,7956,105.6,3547.4,0.5,33301,41.5,765,0.1,3541.5,0.5,67501,37.8,0,0.6,3495.7,0.5,34601,44.8,8763,337,0,184.4
179,30%,unit,15783,24663,3542.5,0.6,61202,40.2,141.4,NA,1,100.0,6005,13.7,3567.3,0.6,29001,40.2,2079,0.1,3566.6,0.6,63601,40.2,0,0.2,124.8,NA,1,100.0,6005,462,0,13.4
181,30%,unit,18096,28281,3543.3,0.6,39801,40.6,77.3,NA,1,100.0,7500,1.6,90.8,NA,1,100.0,2540,0.1,3564.5,0.6,39473,40.6,0,0.6,67.0,NA,1,100.0,7500,476,0,2.2
183,30%,unit,72420,118362,160.4,NA,1,100.0,160.3,NA,1,100.0,3016,1.2,200.0,NA,1,100.0,625,0.1,162.7,NA,1,100.0,0,1.5,195.6,NA,1,100.0,3016,513,0,2.8
185,30%,unit,3523,6446,3574.9,0.7,131049,39.3,3542.7,0.5,87448,44.5,4525,42.3,3571.6,0.6,80357,41.7,621,0.2,3539.0,0.6,128307,39.3,0,0.5,3496.3,0.6,64801,44.3,5727,276,0,45.4
187,30%,unit,4227,7734,3566.2,0.7,119201,33.4,3575.6,0.7,33461,40.1,6574,52.5,3518.0,0.6,50181,37.3,807,0.1,3589.2,0.7,120001,33.4,0,0.7,3476.4,0.6,45642,40.1,6243,356,0,58.5
189,30%,unit,7400,13600,3516.9,0.7,20011,34.7,3537.4,1.0,8211,43.6,10057,217.2,3586.2,0.6,14042,39.1,1270,0.1,3556.8,0.7,20354,34.7,0,1.1,3554.5,0.5,11275,43.9,12762,472,0,447.8
191,30%,unit,4579,8378,3548.0,0.6,71701,35.5,3533.8,0.5,31626,42.7,5391,64.4,3541.8,0.6,51930,38.8,831,0.1,3561.4,0.6,71033,35.5,0,0.6,3522.6,0.6,33952,42.9,6555,342,0,124.9
193,30%,unit,7030,12920,3528.0,0.5,32088,33.0,3523.8,0.8,9241,43.2,7082,230.2,3536.5,0.7,19272,38.7,1250,0.1,3533.5,0.5,31401,33.0,0,1.0,3528.9,0.4,14040,42.9,8792,447,0,333.3
195,30%,unit,1150,81068,3591.0,11.5,1,26.7,3591.1,12.4,1,27.9,10568,<0.1,3591.7,12.4,1,27.3,7378,0.2,3591.5,12.5,1,25.3,16014,30.2,3591.2,13.7,1,24.9,10568,3906,1382,1.8
197,30%,unit,1534,127011,3591.6,12.9,1,20.9,3591.5,12.4,1,22.8,10026,<0.1,3591.6,13.7,1,19.9,6399,0.2,3591.6,13.7,1,18.6,11442,28.9,3591.6,14.1,1,18.4,10026,4266,1850,3.3
199,30%,unit,1534,126163,3591.6,13.2,1,20.0,3585.9,13.3,1,21.2,10002,<0.1,3591.7,14.2,1,18.0,6162,0.1,3591.5,14.2,1,17.0,7156,18.8,3591.6,14.2,1,17.4,10002,4503,1847,4.1
1,40%,unit,6160,40207,3470.8,<0.1,233685,90.6,11.1,NA,48,97.5,4800,<0.1,7.4,NA,1,100.0,589,<0.1,3410.1,<0.1,222889,90.6,0,0.9,8.0,NA,1,100.0,4418,436,0,0.5
3,40%,unit,60541,48418,11.6,NA,1,100.0,11.2,NA,1,100.0,0,0,17.9,NA,1,100.0,0,0,11.7,NA,1,100.0,0,0,18.5,NA,1,100.0,0,0,0,0
5,40%,unit,200,798,9.3,NA,1248,81.7,3.4,NA,79,94.0,1165,0.3,6.3,NA,1284,87.8,120,0,12.5,NA,1741,75.4,770,0.3,4.1,NA,169,93.0,880,87,160,0.4
7,40%,unit,8794,10121,2.6,NA,1,100.0,2.5,NA,1,100.0,93,0,3.0,NA,1,100.0,35,0,2.6,NA,1,100.0,0,<0.1,2.9,NA,1,100.0,93,35,0,<0.1
9,40%,unit,38452,174645,3572.3,0.2,361,96.6,3573.5,0.2,168,96.8,12000,<0.1,728.6,NA,190,100.0,3516,0.4,3588.9,0.2,303,96.6,0,0,956.9,NA,201,100.0,12000,3483,0,0.8
11,40%,unit,9877,25973,663.6,NA,66888,95.5,566.1,NA,53594,95.9,9714,0.2,7.6,NA,1,100.0,485,0.1,691.5,NA,66888,95.5,0,1.4,13.0,NA,1,100.0,6178,444,0,1.6
13,40%,unit,45307,36697,6.5,NA,1,100.0,6.7,NA,1,100.0,0,0,9.7,NA,1,100.0,0,0,6.8,NA,1,100.0,0,0,9.3,NA,1,100.0,0,0,0,0
15,40%,unit,53610,42940,8.9,NA,1,100.0,8.9,NA,1,100.0,0,0,12.9,NA,1,100.0,0,0,9.1,NA,1,100.0,0,0,12.9,NA,1,100.0,0,0,0,0
17,40%,unit,23541,34233,46.5,NA,1,100.0,29.9,NA,1,100.0,2452,0.2,43.2,NA,1,100.0,475,<0.1,50.0,NA,1,100.0,0,2.2,37.1,NA,1,100.0,2454,264,0,2.5
19,40%,unit,200,862,4.4,NA,264,90.2,2.1,NA,9,97.1,832,0.4,2.4,NA,74,92.1,122,0,6.7,NA,467,81.5,635,0.3,2.7,NA,53,96.1,600,94,160,0.3
21,40%,unit,24765,19655,2.0,NA,1,100.0,2.1,NA,1,100.0,0,0,3.0,NA,1,100.0,0,0,2.1,NA,1,100.0,0,0,3.0,NA,1,100.0,0,0,0,0
23,40%,unit,27717,133665,3534.8,0.6,3972,88.9,3516.1,0.6,3801,89.6,12000,<0.1,539.1,NA,301,100.0,3171,0.3,3528.4,0.6,4069,88.9,0,<0.1,770.7,NA,1121,100.0,12000,3079,0,0.7
25,40%,unit,23194,18295,1.8,NA,1,100.0,1.8,NA,1,100.0,0,0,2.6,NA,1,100.0,0,0,1.8,NA,1,100.0,0,0,2.6,NA,1,100.0,0,0,0,0
27,40%,unit,65866,52435,13.1,NA,1,100.0,13.1,NA,1,100.0,0,0,21.0,NA,1,100.0,0,0,13.8,NA,1,100.0,0,0,20.9,NA,1,100.0,0,0,0,0
29,40%,unit,13431,16234,6.4,NA,1,100.0,7.8,NA,1,100.0,238,0,8.4,NA,1,100.0,171,0,6.6,NA,1,100.0,0,<0.1,8.4,NA,1,100.0,238,171,0,<0.1
31,40%,unit,200,813,9.5,NA,643,88.6,3.7,NA,68,94.9,1197,0.4,3.9,NA,160,92.3,242,<0.1,18.7,NA,1913,86.1,318,0.1,6.5,NA,232,94.7,1476,165,159,0.6
33,40%,unit,4410,6885,16.4,NA,41,99.8,20.2,NA,1,100.0,3207,9.7,15.6,NA,301,99.8,378,<0.1,17.8,NA,41,99.8,0,1.4,40.0,NA,51,99.8,6739,182,0,18.1
35,40%,unit,200,864,43.4,NA,4970,78.4,9.1,NA,177,93.6,1980,0.7,20.0,NA,1601,84.2,150,0,37.8,NA,4262,78.1,789,0.3,7.7,NA,156,93.3,1628,100,306,0.7
37,40%,unit,198,808,234.5,NA,34270,73.2,15.4,NA,959,90.1,1957,0.6,61.1,NA,10094,78.9,105,0,327.2,NA,61099,73.7,653,0.4,19.0,NA,1450,89.1,1961,80,165,0.7
39,40%,unit,6795,10620,26.2,NA,37,100.0,41.1,NA,19,100.0,5135,13.3,33.3,NA,330,100.0,482,0,29.6,NA,37,100.0,0,3.3,129.5,NA,81,100.0,11253,195,0,74.2
41,40%,unit,200,1023,1311.0,NA,154541,75.0,27.8,NA,1363,89.4,1522,0.5,69.3,NA,9914,84.0,275,0,586.9,NA,62371,76.5,639,0.3,67.3,NA,4471,89.6,1921,153,160,0.7
43,40%,unit,200,841,115.4,NA,14037,86.0,14.8,NA,737,93.5,1841,0.7,20.9,NA,1974,89.3,264,0,137.3,NA,17832,85.9,1038,0.5,18.3,NA,1129,92.1,1233,170,160,0.5
45,40%,unit,200,1020,705.5,NA,64879,75.2,60.1,NA,4231,90.9,1757,0.6,69.1,NA,7754,82.4,228,0,1195.6,NA,126766,77.7,790,0.4,16.5,NA,705,91.3,1685,153,173,0.8
47,40%,unit,200,1093,434.6,NA,54100,76.6,18.4,NA,738,91.9,1522,0.6,81.2,NA,10022,83.2,243,<0.1,389.5,NA,43291,75.9,645,0.2,18.4,NA,866,90.8,1167,156,160,0.6
49,40%,unit,200,933,32.8,NA,4977,81.1,4.7,NA,85,94.8,1109,0.5,6.2,NA,498,89.0,166,0,9.4,NA,626,85.3,744,0.3,4.5,NA,87,94.1,982,124,160,0.5
51,40%,unit,200,1098,2450.5,NA,306462,76.4,21.6,NA,696,91.2,1560,0.6,107.5,NA,11706,85.8,314,<0.1,403.4,NA,49337,76.3,794,0.3,15.1,NA,415,92.4,1889,152,304,0.8
53,40%,unit,200,1026,139.7,NA,16319,75.0,22.3,NA,1006,91.6,2056,0.8,18.8,NA,1683,84.5,214,0,359.2,NA,36387,75.7,643,0.3,12.0,NA,272,92.3,2375,156,160,1.0
55,40%,unit,200,938,178.3,NA,25260,77.6,26.3,NA,2553,89.2,1234,0.4,68.2,NA,10087,82.0,196,0,233.9,NA,35836,75.6,967,0.4,17.6,NA,1130,89.1,1329,135,311,0.8
57,40%,unit,200,1160,3538.8,0.4,289651,75.2,139.6,NA,5628,90.3,2591,0.9,872.7,NA,76113,84.2,330,0.1,3525.6,0.5,244676,74.0,1628,0.9,227.9,NA,11110,89.9,2277,162,304,1.2
59,40%,unit,200,961,88.9,NA,13329,79.7,10.6,NA,510,92.3,1298,0.4,22.1,NA,2476,85.5,213,<0.1,169.6,NA,19833,75.9,704,0.4,8.4,NA,282,92.7,1411,150,190,0.5
61,40%,unit,200,931,571.2,NA,89126,72.5,41.4,NA,3594,88.4,1605,0.5,90.6,NA,10748,78.4,185,<0.1,998.1,NA,130254,71.2,954,0.5,32.2,NA,1684,87.8,1655,123,306,0.7
63,40%,unit,200,1011,116.6,NA,12479,77.2,11.0,NA,305,91.9,1904,0.6,30.3,NA,3494,85.4,229,0,198.6,NA,25176,80.3,982,0.5,12.0,NA,231,92.4,2429,150,162,1.0
65,40%,unit,200,1011,79.0,NA,6390,81.0,8.7,NA,222,93.6,1477,0.5,13.1,NA,1307,87.7,184,0,208.7,NA,20499,78.3,907,0.4,14.3,NA,412,92.6,1582,141,160,0.8
67,40%,unit,200,1174,1348.1,NA,162745,73.7,43.4,NA,2005,90.9,1382,0.6,50.2,NA,6189,86.7,311,<0.1,829.3,NA,141609,75.4,621,0.3,32.1,NA,2350,91.0,1534,178,160,0.8
69,40%,unit,200,1083,3522.2,0.6,292801,73.0,56.8,NA,1500,89.8,2133,0.6,270.9,NA,21022,81.5,284,<0.1,2870.9,NA,309081,73.9,1299,0.8,264.5,NA,11971,90.4,2557,155,310,1.3
71,40%,unit,200,952,525.0,NA,55295,72.6,25.6,NA,1417,89.4,1520,0.5,63.9,NA,7838,81.3,166,<0.1,383.0,NA,35436,74.6,957,0.4,36.8,NA,2675,89.6,1767,117,160,0.6
73,40%,unit,200,1078,3526.4,0.4,537919,73.3,124.0,NA,10789,87.6,1586,0.6,372.8,NA,55280,81.2,258,<0.1,3354.2,NA,574920,73.7,824,0.7,56.1,NA,3166,88.0,2530,154,308,1.5
75,40%,unit,26300,41500,3546.2,<0.1,17212,99.5,3414.3,<0.1,17794,99.5,10734,41.2,3492.0,<0.1,18408,99.5,838,0.1,3535.8,<0.1,17301,99.5,0,<0.1,3499.5,<0.1,8513,99.5,25141,522,0,261.9
77,40%,unit,200,961,89.3,NA,13329,79.7,10.7,NA,510,92.3,1298,0.5,22.3,NA,2476,85.5,213,<0.1,171.1,NA,19833,75.9,704,0.4,8.4,NA,282,92.7,1411,150,190,0.5
79,40%,unit,26300,41500,3510.4,<0.1,10601,99.4,3502.2,<0.1,16485,99.4,8582,41.6,3440.3,<0.1,17426,99.4,850,0.1,3518.7,<0.1,10501,99.4,0,<0.1,3537.2,<0.1,14770,99.4,15422,522,0,273.1
81,40%,unit,199,1091,696.7,NA,67958,76.1,29.8,NA,1473,88.5,1506,0.6,140.4,NA,20410,82.4,222,<0.1,1359.5,NA,136742,74.0,1386,0.7,44.3,NA,2892,89.2,1482,161,158,0.7
83,40%,unit,200,1172,3549.5,0.9,274301,71.9,288.6,NA,12092,86.9,2316,0.9,3484.5,0.3,233486,77.7,305,0.2,3470.9,1.1,330501,69.1,847,0.8,1759.0,NA,86647,86.7,2511,163,168,1.2
85,40%,unit,11470,17408,16.3,NA,1,100.0,22.9,NA,1,100.0,2793,3.5,19.6,NA,1,100.0,669,<0.1,19.6,NA,1,100.0,0,3.0,26.2,NA,1,100.0,2793,430,0,6.3
87,40%,unit,13590,21240,132.8,NA,211,99.9,199.6,NA,341,99.9,10246,45.9,117.8,NA,181,99.9,683,0,132.6,NA,211,99.9,0,0,463.0,NA,81,99.9,16225,329,0,260.5
89,40%,unit,57316,77978,3538.9,0.1,1281,99.0,3508.9,0.2,3101,99.0,17912,40.4,3531.1,0.1,2201,99.0,1510,0.3,3529.6,0.1,1201,99.0,0,0,3541.2,0.1,1701,99.0,25866,636,0,229.0
91,40%,unit,200,1163,3504.9,1.0,266101,72.8,284.0,NA,9608,87.4,2439,0.8,1529.8,NA,124025,78.5,334,0.1,3522.6,0.8,217601,71.3,1256,0.9,394.1,NA,19670,87.1,2323,172,318,0.9
93,40%,unit,200,1162,647.6,NA,54837,75.0,14.9,NA,354,92.4,1337,0.7,18.9,NA,1531,88.3,315,0,237.5,NA,18526,75.7,952,0.3,19.7,NA,634,92.5,1434,173,160,1.0
95,40%,unit,15783,24663,247.2,NA,601,99.9,294.9,NA,281,99.9,10402,44.2,223.4,NA,725,99.9,751,<0.1,271.5,NA,601,99.9,0,0,549.8,NA,985,99.9,14382,384,0,204.5
97,40%,unit,18096,28281,301.7,NA,292,100.0,337.9,NA,76,100.0,8944,49.9,445.3,NA,692,100.0,579,<0.1,300.4,NA,292,100.0,0,0,1104.0,NA,81,100.0,23159,354,0,539.1
99,40%,unit,26300,41500,3483.8,<0.1,16361,99.4,3541.6,<0.1,13871,99.4,9145,41.1,3544.6,<0.1,14301,99.4,828,0.1,3507.0,<0.1,15813,99.4,0,<0.1,3504.0,<0.1,10201,99.4,25941,522,0,161.4
101,40%,unit,26300,41500,3497.5,<0.1,16101,99.4,3542.5,<0.1,11691,99.4,10225,41.1,3523.3,<0.1,12382,99.4,829,0.1,3497.1,<0.1,15701,99.4,0,<0.1,3522.2,<0.1,12972,99.4,18388,522,0,273.1
103,40%,unit,15783,24663,208.5,NA,111,99.9,374.3,NA,804,99.9,8654,49.0,288.3,NA,1321,99.9,722,<0.1,209.8,NA,111,99.9,0,<0.1,786.0,NA,1001,99.9,17163,369,0,315.6
105,40%,unit,26300,41500,3506.8,<0.1,11612,99.4,3568.0,<0.1,15287,99.4,9284,40.9,3572.7,<0.1,13780,99.4,834,0.1,3510.4,<0.1,11601,99.4,0,<0.1,3570.0,<0.1,8835,99.4,11148,522,0,311.9
107,40%,unit,13590,21240,197.7,NA,1001,99.8,277.1,NA,401,99.9,10759,46.6,168.1,NA,261,99.9,677,<0.1,208.8,NA,1001,99.8,0,0,395.8,NA,338,99.9,14261,315,0,162.0
109,40%,unit,66992,90970,3582.2,0.2,501,98.0,3538.2,0.2,2211,98.2,17041,60.2,3535.0,0.1,1230,98.2,2085,0.3,3558.1,1.0,501,98.0,0,<0.1,3564.8,0.2,901,98.2,27041,666,0,237.3
111,40%,unit,450,17831,3499.4,8.9,1204,51.1,3590.4,9.3,195,55.7,10591,<0.1,3568.2,9.8,1,48.8,26144,0.8,3551.6,8.9,1087,50.7,18917,19.3,3591.4,8.0,1,58.4,10591,14620,724,0.7
113,40%,unit,26300,41500,3504.3,<0.1,14136,99.5,3460.2,<0.1,13825,99.5,8432,41.5,3557.7,<0.1,15826,99.5,875,<0.1,3510.2,<0.1,14101,99.5,0,<0.1,3495.7,<0.1,14319,99.5,13507,522,0,274.1
115,40%,unit,18096,28281,500.7,NA,1921,99.9,437.4,NA,631,99.9,8086,50.1,339.3,NA,1001,99.9,600,0.1,472.0,NA,1921,99.9,0,<0.1,1279.5,NA,1001,99.9,23343,397,0,520.6
117,40%,unit,18096,28281,579.8,NA,629,99.9,401.6,NA,381,99.9,8605,50.1,437.9,NA,1441,99.9,587,0.1,595.4,NA,629,99.9,0,0,775.7,NA,301,99.9,13741,363,0,240.3
119,40%,unit,18096,28281,366.7,NA,131,99.9,319.9,NA,141,99.9,9994,50.1,316.6,NA,191,99.9,613,<0.1,365.0,NA,131,99.9,0,<0.1,1287.2,NA,341,99.9,23338,382,0,500.6
121,40%,unit,18096,28281,229.6,NA,92,100.0,354.0,NA,374,100.0,8887,50.1,428.4,NA,701,100.0,598,<0.1,230.3,NA,92,100.0,0,0,619.6,NA,221,100.0,14765,386,0,279.6
123,40%,unit,26300,41500,3570.6,<0.1,13901,99.4,3470.7,<0.1,18691,99.4,9134,41.1,3545.1,<0.1,21501,99.4,835,0.1,3566.3,<0.1,13801,99.4,0,<0.1,3516.8,<0.1,7513,99.4,12897,522,0,261.4
125,40%,unit,26300,41500,3563.6,<0.1,15221,99.3,3506.8,<0.1,11362,99.3,9081,41.2,3579.0,<0.1,15901,99.3,859,0.1,3564.4,<0.1,15042,99.3,0,<0.1,3509.5,<0.1,11124,99.3,25597,522,0,132.3
127,40%,unit,18096,28281,379.6,NA,747,100.0,418.2,NA,221,100.0,7788,50.1,471.8,NA,621,100.0,598,<0.1,384.3,NA,747,100.0,0,0,514.6,NA,281,100.0,8116,376,0,120.2
129,40%,unit,15783,24663,305.3,NA,1001,99.9,341.3,NA,361,99.9,9873,50.2,219.1,NA,271,99.9,730,<0.1,305.9,NA,1001,99.9,0,0,839.1,NA,171,99.9,20325,415,0,450.6
131,40%,unit,2980,5360,3578.2,0.3,33881,87.5,3544.3,0.2,20891,88.1,4495,31.9,3537.5,0.3,33236,87.5,742,0.1,3542.3,0.3,33401,87.5,0,0.5,3543.7,0.3,20834,88.0,4624,348,0,33.3
133,40%,unit,15783,24663,182.6,NA,31,99.9,330.9,NA,801,99.9,9065,49.1,283.7,NA,541,99.9,748,<0.1,168.9,NA,31,99.9,0,0,989.1,NA,131,99.9,22570,393,0,606.2
135,40%,unit,26300,41500,3549.6,<0.1,12491,99.5,3551.6,<0.1,16443,99.5,7982,42.2,3546.2,<0.1,14203,99.5,848,0.1,3559.2,<0.1,12710,99.5,0,<0.1,3558.3,<0.1,13025,99.5,10687,522,0,225.1
137,40%,unit,26300,41500,3575.1,<0.1,17852,99.7,3565.9,<0.1,15234,99.7,8224,41.7,3508.6,<0.1,11092,99.7,827,0.2,3544.2,<0.1,17401,99.7,0,0.1,3584.5,<0.1,8501,99.7,13535,522,0,264.3
139,40%,unit,18096,28281,249.9,NA,174,99.9,368.8,NA,151,99.9,8315,50.1,355.6,NA,597,99.9,607,<0.1,246.5,NA,174,99.9,0,0,994.5,NA,781,99.9,23184,384,0,410.5
141,40%,unit,18096,28281,593.3,NA,1840,99.9,488.6,NA,325,100.0,7881,50.1,351.6,NA,703,100.0,594,0.1,581.4,NA,1840,99.9,0,0,1188.3,NA,106,100.0,22665,368,0,590.7
143,40%,unit,18096,28281,227.9,NA,291,100.0,322.1,NA,221,100.0,9050,50.1,239.0,NA,195,100.0,590,0.1,228.7,NA,291,100.0,0,0,980.5,NA,102,100.0,20421,371,0,490.6
145,40%,unit,18096,28281,379.4,NA,401,99.9,427.4,NA,514,99.9,8114,50.1,434.1,NA,707,99.9,611,<0.1,384.5,NA,401,99.9,0,0,1118.5,NA,1531,99.9,14978,366,0,310.4
147,40%,unit,18096,28281,340.6,NA,481,99.9,410.4,NA,141,99.9,8882,50.2,356.1,NA,371,99.9,610,0.1,340.1,NA,481,99.9,0,<0.1,953.5,NA,2201,99.9,13128,373,0,200.3
149,40%,unit,26300,41500,3500.0,<0.1,8296,99.4,3569.9,<0.1,8297,99.4,10341,41.0,3576.2,<0.1,10601,99.4,846,0.1,3531.8,<0.1,8341,99.4,0,0,3568.9,0.1,9215,99.4,15245,522,0,261.5
151,40%,unit,15783,24663,245.4,NA,535,100.0,346.0,NA,355,100.0,8615,46.8,341.1,NA,758,100.0,777,0.1,245.9,NA,535,100.0,0,0,451.2,NA,221,100.0,11364,414,0,158.1
153,40%,unit,29076,45570,3566.2,<0.1,2867,99.8,3540.2,<0.1,4680,99.8,11730,90.3,3536.2,<0.1,4201,99.8,1133,0.1,3578.1,<0.1,3012,99.8,0,<0.1,3516.9,<0.1,2222,99.8,26094,534,0,585.5
155,40%,unit,26300,41500,3532.4,<0.1,12741,99.6,3513.9,<0.1,19201,99.6,8731,41.6,3546.6,<0.1,19201,99.6,847,0.1,3525.2,<0.1,12686,99.6,0,0,3490.3,<0.1,8541,99.6,13613,522,0,252.8
157,40%,unit,2980,5360,3576.2,0.3,25807,85.7,3567.6,0.4,22931,86.1,5673,38.9,3535.8,0.3,28236,85.7,828,0.1,3568.3,0.3,25997,85.7,0,0.4,3562.6,0.3,23791,86.1,6056,348,0,53.2
159,40%,unit,18096,28281,339.0,NA,281,100.0,416.9,NA,81,100.0,8240,50.1,352.1,NA,291,100.0,584,<0.1,341.9,NA,281,100.0,0,0,1006.4,NA,601,100.0,23220,369,0,467.9
161,40%,unit,138141,227241,3602.7,15.4,1,6.8,3595.1,15.5,1,6.8,6000,0.2,3596.2,15.5,1,6.8,768,<0.1,3593.9,15.4,1,6.8,0,<0.1,3602.3,15.6,1,6.8,6000,768,0,0.2
163,40%,unit,18096,28281,406.4,NA,548,100.0,456.7,NA,881,100.0,8925,50.1,323.9,NA,298,100.0,601,0.1,417.7,NA,548,100.0,0,0,978.9,NA,168,100.0,23254,377,0,420.5
165,40%,unit,18096,28281,259.9,NA,682,100.0,294.3,NA,38,100.0,10872,47.7,227.2,NA,82,100.0,602,0.1,260.5,NA,682,100.0,0,0,806.2,NA,85,100.0,20223,340,0,397.9
167,40%,unit,15783,24663,232.4,NA,146,99.9,332.6,NA,401,99.9,8738,50.1,270.4,NA,685,99.9,732,<0.1,218.9,NA,146,99.9,0,<0.1,489.3,NA,251,99.9,14790,378,0,200.1
169,40%,unit,4768,8576,3539.6,0.4,12662,85.2,3465.3,0.4,9046,85.8,8905,122.0,3493.4,0.4,13570,85.3,981,<0.1,3529.1,0.4,12670,85.2,0,1.0,3475.2,0.4,8998,85.6,9154,372,0,139.1
171,40%,unit,18096,28281,205.9,NA,135,99.9,362.0,NA,201,99.9,7435,50.1,260.9,NA,381,99.9,609,<0.1,197.5,NA,135,99.9,0,<0.1,961.8,NA,744,99.9,23253,355,0,490.6
173,40%,unit,56860,77264,3573.9,0.1,601,99.2,3572.5,0.1,3149,99.2,17563,45.2,3566.3,0.1,1901,99.2,1532,0.3,3563.3,0.1,501,99.2,0,0,3569.3,0.1,2161,99.2,25620,634,0,164.1
175,40%,unit,3523,6446,3525.0,0.2,17739,90.4,3555.2,0.2,12014,90.9,7471,70.0,3544.5,0.3,20725,90.4,798,0.1,3533.9,0.2,17656,90.4,0,0.6,3487.9,0.2,12892,91.0,7273,356,0,61.4
177,40%,unit,5066,9112,3576.7,0.4,10919,85.0,3536.1,0.4,9799,85.2,8331,118.0,3577.7,0.4,13812,84.9,1044,0.1,3525.5,0.4,9053,85.0,0,1.2,3560.6,0.4,7502,85.3,11237,376,0,186.4
179,40%,unit,15783,24663,507.5,NA,2697,99.9,315.9,NA,674,99.9,10120,46.8,240.6,NA,178,99.9,759,<0.1,513.1,NA,2697,99.9,0,<0.1,592.0,NA,191,99.9,14581,385,0,226.9
181,40%,unit,18096,28281,224.5,NA,50,100.0,383.6,NA,431,100.0,8090,50.1,271.9,NA,131,100.0,609,<0.1,226.7,NA,50,100.0,0,0,612.0,NA,44,100.0,11857,349,0,250.4
183,40%,unit,72420,118362,3591.7,21.2,1,98.5,3591.9,0.7,1,100.0,18771,90.3,3593.2,<0.1,1,100.0,1594,0.6,3591.6,21.2,1,98.5,0,0,3591.7,3.9,1,100.0,20017,698,0,55.4
185,40%,unit,3523,6446,3556.1,0.3,19491,88.0,3530.0,0.3,15176,88.5,6652,68.4,3560.7,0.3,20080,88.1,844,0.1,3533.9,0.3,20067,88.0,0,0.6,3530.5,0.3,13916,88.5,6151,356,0,60.2
187,40%,unit,4227,7734,3560.2,0.3,15036,88.1,3559.9,0.3,10408,88.4,8158,94.7,3523.6,0.3,14055,88.1,915,<0.1,3521.7,0.3,14167,88.1,0,0.8,3559.6,0.3,8562,88.4,8409,366,0,102.1
189,40%,unit,7400,13600,3544.9,0.1,3859,97.0,3534.0,<0.1,2111,97.3,6589,170.2,3527.5,0.1,4370,97.0,1059,<0.1,3573.5,0.1,4482,97.0,0,2.5,3564.1,0.1,2404,97.3,6383,402,0,137.8
191,40%,unit,4579,8378,3553.1,0.3,11709,90.0,3521.6,0.3,7743,90.2,10791,121.6,3560.8,0.3,10506,90.0,925,<0.1,3561.0,0.3,11712,90.0,0,1.0,3548.4,0.3,6082,90.2,14260,370,0,228.3
193,40%,unit,7030,12920,3556.3,0.1,4540,97.0,3528.8,0.1,2193,97.3,8655,157.8,3550.9,0.1,2960,97.0,1023,<0.1,3512.8,0.1,4642,97.0,0,2.2,3514.7,0.1,2093,97.3,8925,398,0,195.9
195,40%,unit,1150,81068,3584.3,16.9,1,20.9,3579.6,17.5,1,20.2,10568,<0.1,3591.6,17.7,1,16.6,4340,0.1,3591.2,18.2,1,12.4,12502,30.2,3591.2,18.9,1,14.6,10568,1736,1846,3.2
197,40%,unit,1534,127011,3591.5,18.2,1,14.6,3591.6,19.2,1,13.1,10026,<0.1,3591.6,18.7,1,13.2,5214,0.1,3591.8,19.8,1,6.5,9998,33.9,3591.7,20.2,1,6.4,10026,474,2457,5.7
199,40%,unit,1534,126163,3591.6,18.0,1,15.6,3591.6,17.8,1,15.1,10002,<0.1,3591.6,18.8,1,13.2,4977,0.1,3591.7,19.4,1,8.7,9991,33.0,3591.7,19.7,1,7.8,10002,1185,2457,5.9
1,50%,unit,6160,40207,3.7,NA,1,100.0,3.5,NA,1,100.0,2822,<0.1,4.5,NA,1,100.0,218,<0.1,3.8,NA,1,100.0,0,0.1,4.8,NA,1,100.0,2822,218,0,0.2
3,50%,unit,60541,48418,11.5,NA,1,100.0,11.3,NA,1,100.0,0,0,18.2,NA,1,100.0,0,0,11.6,NA,1,100.0,0,0,17.7,NA,1,100.0,0,0,0,0
5,50%,unit,200,798,107.9,NA,16275,77.2,14.2,NA,618,89.2,1884,0.8,44.3,NA,6076,81.1,142,<0.1,142.2,NA,17904,77.1,393,0.3,15.7,NA,588,88.9,2163,103,376,1.4
7,50%,unit,8794,10121,8.0,NA,1,100.0,6.3,NA,1,100.0,1915,1.4,3.9,NA,1,100.0,115,<0.1,8.8,NA,1,100.0,0,1.1,7.1,NA,1,100.0,1815,115,0,2.6
9,50%,unit,38452,174645,3518.5,1.2,19113,0,3478.2,1.2,21716,0,12000,0.1,292.4,NA,1,100.0,3057,0.3,3518.6,1.2,18901,0,0,<0.1,394.3,NA,1,100.0,12000,2887,0,0.5
11,50%,unit,9877,25973,3384.6,<0.1,382533,0,3428.2,0.1,353551,0,8281,1.7,9.2,NA,1,100.0,925,<0.1,3484.6,<0.1,384321,0,0,2.0,14.3,NA,1,100.0,6695,443,0,1.4
13,50%,unit,45307,36697,7.2,NA,1,100.0,7.2,NA,1,100.0,0,0,10.1,NA,1,100.0,0,0,7.1,NA,1,100.0,0,0,10.5,NA,1,100.0,0,0,0,0
15,50%,unit,53610,42940,8.7,NA,1,100.0,8.8,NA,1,100.0,0,0,12.7,NA,1,100.0,0,0,8.6,NA,1,100.0,0,0,12.8,NA,1,100.0,0,0,0,0
17,50%,unit,23541,34233,33.1,NA,1,100.0,34.7,NA,1,100.0,4669,0.2,61.1,NA,1,100.0,539,0.1,57.0,NA,1,100.0,0,0,36.3,NA,1,100.0,4672,350,0,0.2
19,50%,unit,200,862,184.8,NA,20135,74.4,13.9,NA,652,89.6,1545,0.6,109.0,NA,14602,79.2,151,<0.1,93.7,NA,9981,80.6,309,0.3,14.4,NA,661,89.6,1316,106,198,0.6
21,50%,unit,24765,19655,2.1,NA,1,100.0,2.2,NA,1,100.0,0,0,3.2,NA,1,100.0,0,0,2.2,NA,1,100.0,0,0,3.3,NA,1,100.0,0,0,0,0
23,50%,unit,27717,133665,3527.9,1.6,19982,0,3417.1,1.6,20925,0,12000,0.1,113.0,NA,1,100.0,2374,0.2,3525.3,1.6,19982,0,0,<0.1,254.7,NA,181,100.0,12000,2219,0,0.5
25,50%,unit,23194,18295,1.9,NA,1,100.0,1.8,NA,1,100.0,0,0,2.7,NA,1,100.0,0,0,1.8,NA,1,100.0,0,0,2.6,NA,1,100.0,0,0,0,0
27,50%,unit,65866,52435,12.9,NA,1,100.0,13.1,NA,1,100.0,0,0,20.9,NA,1,100.0,0,0,12.8,NA,1,100.0,0,0,21.6,NA,1,100.0,0,0,0,0
29,50%,unit,13431,16234,8.9,NA,1,100.0,8.5,NA,1,100.0,1888,0.1,9.2,NA,1,100.0,260,<0.1,9.3,NA,1,100.0,0,1.0,8.4,NA,1,100.0,1907,251,0,1.1
31,50%,unit,200,813,1004.7,NA,95478,85.1,154.6,NA,10627,91.4,1715,0.7,160.0,NA,16419,87.6,276,<0.1,3428.0,NA,352463,81.7,981,1.3,38.9,NA,1603,92.1,2115,147,384,1.1
33,50%,unit,4410,6885,21.3,NA,337,100.0,21.1,NA,304,100.0,2995,5.9,21.0,NA,445,100.0,382,0,23.0,NA,337,100.0,0,1.7,70.0,NA,568,100.0,21184,182,0,19.4
35,50%,unit,200,864,3444.1,0.6,384959,69.3,350.7,NA,21205,85.4,2430,0.8,2801.4,NA,430935,74.4,195,0.5,3496.9,0.7,357287,70.7,758,1.2,334.1,NA,19913,85.4,2849,122,199,1.2
37,50%,unit,198,808,687.3,NA,73988,72.1,48.8,NA,2511,87.8,1973,0.6,418.3,NA,54173,78.8,145,0.1,1441.2,NA,181636,69.4,197,0.3,29.7,NA,1663,88.5,2367,89,209,1.0
39,50%,unit,6795,10620,149.8,NA,3522,100.0,196.5,NA,2149,100.0,6974,24.1,385.1,NA,7290,100.0,464,<0.1,152.2,NA,3522,100.0,0,4.2,236.2,NA,2350,100.0,9550,195,0,40.4
41,50%,unit,200,1023,3517.3,1.2,201501,71.2,2824.9,NA,201894,84.9,2485,1.2,3528.2,0.9,396801,78.0,290,0.8,3530.0,1.2,237873,69.8,612,1.0,1984.5,NA,85666,85.4,2697,155,388,1.7
43,50%,unit,200,841,3496.4,0.2,281291,84.0,381.0,NA,23208,90.0,1969,0.7,1534.1,NA,178497,85.9,289,0.2,3427.1,0.4,259101,83.0,1163,1.1,386.0,NA,23114,90.3,2146,146,366,1.0
45,50%,unit,200,1020,3496.3,0.7,207764,71.2,482.7,NA,19616,85.5,2203,0.8,3483.6,0.3,284486,76.1,287,0.3,3466.0,0.7,202486,70.9,780,1.0,343.2,NA,14133,85.1,2263,146,200,0.9
47,50%,unit,200,1093,3359.0,1.2,169801,68.3,673.9,NA,26965,87.2,2363,0.7,3310.5,NA,274890,79.0,296,0.3,3485.1,0.8,197701,73.1,397,0.5,324.6,NA,12762,87.5,2701,145,379,1.2
49,50%,unit,200,933,3498.6,0.6,272650,71.2,182.3,NA,9907,87.2,2178,0.9,2482.9,NA,332388,75.1,194,0.3,3481.4,0.6,242111,70.9,576,0.8,188.4,NA,8930,86.9,2203,137,383,1.1
51,50%,unit,200,1098,3505.8,0.8,186401,73.4,397.6,NA,15385,88.2,2727,1.1,2665.0,NA,273945,79.4,344,0.2,3453.6,0.7,176935,73.5,1219,1.2,296.9,NA,11089,88.0,2660,160,384,1.2
53,50%,unit,200,1026,3456.1,1.2,176901,71.1,1004.0,NA,39737,86.3,2323,0.8,3505.2,0.4,249318,78.2,279,0.3,3500.7,0.9,211701,73.6,502,0.8,533.0,NA,21056,86.6,2686,149,382,1.4
55,50%,unit,200,938,3488.2,0.5,391718,69.5,205.9,NA,12701,85.1,1593,0.6,1989.6,NA,259219,74.9,225,0.3,2403.9,NA,272679,71.7,208,0.3,197.9,NA,11767,84.6,1724,144,367,0.8
57,50%,unit,200,1160,3504.6,1.6,145001,71.7,2579.0,NA,87685,85.9,3004,1.1,3508.4,0.7,176058,77.3,385,0.3,3479.1,1.3,151101,71.8,200,0.4,3199.2,NA,125547,86.0,2874,161,384,1.5
59,50%,unit,200,961,3522.0,0.3,444563,72.6,252.3,NA,20195,85.6,1769,0.5,1922.7,NA,265908,78.4,254,0.3,3508.0,0.5,301071,70.8,199,0.5,385.3,NA,20749,86.0,2084,149,199,1.1
61,50%,unit,200,931,3511.7,0.4,285965,73.1,269.9,NA,13659,84.2,1983,0.8,3376.2,NA,484968,74.8,206,0.6,3488.7,0.5,299757,72.6,199,0.4,223.1,NA,9969,84.8,2366,137,210,1.1
63,50%,unit,200,1011,3494.8,1.0,207901,71.0,836.3,NA,26623,86.4,2501,0.8,3473.0,0.6,283024,79.6,284,0.4,3520.6,1.0,194149,71.7,200,0.4,785.6,NA,38549,86.8,2722,144,386,1.3
65,50%,unit,200,1011,3476.1,0.7,177535,74.1,267.3,NA,17932,88.2,2058,0.8,1667.2,NA,127625,82.0,258,0.1,3504.7,0.7,223422,73.5,620,0.8,230.3,NA,11452,89.8,2915,145,392,1.4
67,50%,unit,200,1174,3507.2,1.3,128200,71.9,502.1,NA,15960,89.4,3177,1.2,2918.1,NA,194160,81.3,365,0.2,3480.4,0.9,144601,75.5,1579,1.2,175.2,NA,5997,90.2,3244,165,390,1.8
69,50%,unit,200,1083,3484.9,0.9,190701,71.4,743.6,NA,28135,86.3,2554,0.9,3426.4,0.4,275221,80.2,375,0.4,3499.9,0.8,214401,73.9,198,0.5,2565.7,NA,129073,86.3,2335,150,371,1.7
71,50%,unit,200,952,3541.0,0.3,226210,74.8,127.7,NA,4699,88.6,2338,0.8,927.6,NA,69274,81.2,244,<0.1,1325.5,NA,93068,76.7,397,0.3,107.1,NA,3304,89.3,3066,136,390,1.2
73,50%,unit,200,1078,3451.9,1.1,193201,69.8,2277.2,NA,94555,83.7,2416,1.0,3482.7,0.5,293010,75.6,271,0.3,3481.1,1.3,209601,68.9,979,1.1,3465.0,0.4,143501,83.6,2285,148,215,1.9
75,50%,unit,26300,41500,3515.1,<0.1,21020,99.7,3473.9,<0.1,27410,99.7,16227,48.3,3463.2,<0.1,21972,99.7,914,0.1,3477.8,<0.1,21997,99.7,0,<0.1,3546.7,<0.1,15501,99.7,26016,522,0,98.0
77,50%,unit,200,961,3484.4,0.3,404587,72.6,255.8,NA,20195,85.6,1769,0.6,1971.2,NA,265908,78.4,254,0.3,3552.1,0.5,298928,70.8,199,0.5,389.9,NA,20749,86.0,2084,149,199,1.0
79,50%,unit,26300,41500,3468.9,<0.1,16401,99.7,3456.0,<0.1,24986,99.7,13961,52.9,3472.1,<0.1,23401,99.7,929,0.1,3468.5,<0.1,16439,99.7,0,0.1,3457.5,<0.1,18742,99.7,24864,522,0,103.2
81,50%,unit,199,1091,3517.5,1.3,133101,72.5,3466.8,0.2,149670,85.7,2790,1.5,3550.7,0.9,232601,77.1,299,0.3,3532.1,1.5,131001,70.3,1459,1.3,3510.8,0.1,134833,86.1,3064,149,380,1.7
83,50%,unit,200,1172,3527.8,2.1,124301,69.4,3473.0,0.8,112101,83.6,3239,1.3,3466.8,1.3,153001,74.3,379,0.2,3445.4,2.2,150201,69.5,1374,1.3,3483.3,0.9,117149,83.4,3327,165,395,2.3
85,50%,unit,11470,17408,3534.9,0.1,19089,98.8,3485.6,<0.1,6963,99.8,5478,50.1,3551.2,<0.1,7623,99.8,532,<0.1,3364.4,0.1,19289,98.8,0,<0.1,3518.3,<0.1,5817,99.8,20543,215,0,402.1
87,50%,unit,13590,21240,3552.1,<0.1,26347,100.0,3551.7,<0.1,24501,100.0,9613,47.6,3532.6,<0.1,29077,100.0,551,0.1,3232.3,NA,27370,100.0,0,<0.1,3532.8,<0.1,26501,100.0,23591,363,0,330.3
89,50%,unit,57316,77978,3469.0,0.1,1901,99.2,3557.6,0.1,3701,99.3,13102,52.3,3511.4,0.1,3201,99.3,1466,0.3,3500.4,0.2,2079,99.2,0,0,3471.6,0.1,3149,99.3,25849,636,0,372.7
91,50%,unit,200,1163,3519.6,1.8,140401,73.2,3503.7,0.8,99963,84.3,2682,1.0,3484.2,1.2,230101,78.3,450,0.3,3388.1,1.7,145001,72.5,200,0.4,3471.8,0.5,81201,85.1,3628,182,385,2.1
93,50%,unit,200,1162,3524.1,1.4,171201,70.4,3519.6,0.4,118998,84.5,2101,1.1,3564.5,0.9,217201,75.9,326,0.3,3565.1,1.4,191347,70.7,1283,1.4,3552.6,0.3,164419,85.7,3039,169,200,2.8
95,50%,unit,15783,24663,3552.7,<0.1,13103,99.8,3554.4,<0.1,16601,99.8,9192,50.1,3529.9,<0.1,13223,99.8,691,0,3520.9,<0.1,14824,99.8,0,<0.1,3519.6,<0.1,12254,99.8,23316,406,0,330.0
97,50%,unit,18096,28281,3580.7,<0.1,10691,99.8,3538.4,<0.1,13224,99.8,9015,50.2,3537.2,<0.1,12401,99.8,781,<0.1,3549.8,<0.1,12548,99.8,0,<0.1,3536.0,<0.1,10883,99.8,23615,476,0,249.7
99,50%,unit,26300,41500,3535.1,<0.1,16410,99.7,3579.5,<0.1,16437,99.7,15183,41.6,3528.8,<0.1,20938,99.7,948,0.1,3552.5,<0.1,17616,99.7,0,<0.1,3536.4,<0.1,23476,99.7,26126,522,0,130.2
101,50%,unit,26300,41500,3543.3,<0.1,15201,99.8,3587.3,<0.1,13266,99.8,15140,42.4,3545.2,<0.1,17177,99.8,958,<0.1,3567.2,<0.1,15011,99.8,0,0,3537.4,<0.1,14842,99.8,25277,522,0,100.8
103,50%,unit,15783,24663,3535.0,<0.1,15075,99.9,3546.2,<0.1,15201,99.9,8249,50.2,3564.7,<0.1,13601,99.9,681,0.1,3572.9,<0.1,15258,99.9,0,<0.1,3534.6,<0.1,17426,99.9,24605,389,0,270.6
105,50%,unit,26300,41500,3512.9,<0.1,22707,99.7,3559.7,<0.1,20360,99.7,13082,41.2,3574.2,<0.1,17585,99.7,936,0.1,3535.4,<0.1,26802,99.7,0,0.1,3561.8,<0.1,21653,99.7,26025,522,0,121.8
107,50%,unit,13590,21240,3580.2,<0.1,21603,100.0,1338.4,NA,10669,100.0,12161,39.5,3564.6,<0.1,19230,100.0,570,<0.1,3431.7,<0.1,22401,100.0,0,<0.1,3552.3,<0.1,23466,100.0,23256,367,0,224.9
109,50%,unit,66992,90970,3556.9,0.1,1121,98.4,3532.5,0.1,2301,98.5,13807,60.2,3538.0,0.2,2201,98.5,2064,0.3,3549.8,0.1,1101,98.4,0,0,3581.0,0.2,2114,98.5,27156,666,0,260.6
111,50%,unit,450,17831,3586.8,12.9,2515,44.3,3587.3,14.7,112,46.8,10591,<0.1,3591.3,14.9,1,47.8,22704,0.7,3589.1,16.9,1,35.2,11246,6.9,3585.3,13.6,1,50.6,10591,14276,900,0.7
113,50%,unit,26300,41500,3580.7,<0.1,22101,99.8,3547.8,<0.1,20777,99.8,11701,41.1,3539.8,<0.1,23387,99.8,931,0.2,3511.9,<0.1,25701,99.8,0,0.1,3580.1,<0.1,19905,99.8,25026,522,0,172.0
115,50%,unit,18096,28281,3533.7,<0.1,9501,99.7,3556.2,<0.1,17713,99.7,9682,50.3,3566.2,<0.1,14219,99.7,727,0.1,3540.0,<0.1,9901,99.7,0,0,3577.5,<0.1,12301,99.7,23756,476,0,290.6
117,50%,unit,18096,28281,3525.1,<0.1,13138,99.7,3538.7,<0.1,12893,99.8,10059,50.2,3556.9,<0.1,17212,99.8,720,0.1,3563.5,<0.1,12516,99.7,0,<0.1,3565.1,<0.1,14805,99.8,23726,476,0,344.5
119,50%,unit,18096,28281,3546.2,<0.1,10401,99.9,3573.4,<0.1,14841,99.9,8842,50.2,3515.5,<0.1,16804,99.9,727,0.1,3533.4,<0.1,10470,99.9,0,<0.1,3544.7,<0.1,14176,99.9,23473,476,0,420.6
121,50%,unit,18096,28281,3563.8,<0.1,12205,99.8,3561.8,<0.1,16001,99.8,11195,45.9,3581.8,<0.1,7877,99.8,728,0.1,3556.1,<0.1,11775,99.8,0,<0.1,3526.2,<0.1,11931,99.8,23492,476,0,420.7
123,50%,unit,26300,41500,3515.3,<0.1,19647,99.7,3550.1,<0.1,18509,99.7,11772,42.3,3562.8,<0.1,27537,99.7,924,0.1,3554.1,<0.1,18641,99.7,0,<0.1,3554.6,<0.1,18295,99.7,25147,522,0,111.9
125,50%,unit,26300,41500,3537.3,<0.1,24001,99.6,3466.7,<0.1,19209,99.6,17270,48.0,3539.6,<0.1,21001,99.6,926,0.1,3553.8,<0.1,24801,99.6,0,<0.1,3566.0,<0.1,19201,99.6,25615,522,0,141.4
127,50%,unit,18096,28281,3547.4,<0.1,14623,99.8,3568.0,<0.1,16001,99.8,7277,50.1,3531.6,<0.1,13219,99.8,722,0.1,3574.1,<0.1,11602,99.8,0,<0.1,3581.8,<0.1,13501,99.8,23492,476,0,330.7
129,50%,unit,15783,24663,3545.1,<0.1,15860,99.7,3548.8,<0.1,13055,99.7,10760,49.0,3505.4,<0.1,12791,99.7,657,<0.1,3537.2,<0.1,15918,99.7,0,<0.1,3479.3,<0.1,13201,99.7,20760,407,0,600.9
131,50%,unit,2980,5360,3575.6,0.1,19311,99.5,3585.4,<0.1,29183,100.0,1891,8.4,3554.9,<0.1,27000,100.0,336,0.1,3491.8,0.1,20934,99.5,0,0.7,2785.3,NA,21553,100.0,4654,174,0,26.4
133,50%,unit,15783,24663,3589.7,<0.1,14178,99.8,3522.0,<0.1,14719,99.8,10043,50.2,3540.4,<0.1,16301,99.8,678,0.1,3557.3,<0.1,14620,99.8,0,<0.1,3548.6,<0.1,14944,99.8,23195,402,0,520.8
135,50%,unit,26300,41500,3557.2,<0.1,19993,99.7,3472.6,<0.1,20636,99.7,15809,53.9,3544.3,<0.1,22749,99.7,912,0.1,3525.2,<0.1,18953,99.7,0,<0.1,3546.7,<0.1,15071,99.7,21032,522,0,202.6
137,50%,unit,26300,41500,3565.4,<0.1,20036,99.8,3568.4,<0.1,19969,99.8,12006,42.4,3561.4,<0.1,20731,99.8,935,0.1,3579.6,<0.1,20294,99.8,0,0,3544.1,<0.1,22501,99.8,19842,522,0,171.4
139,50%,unit,18096,28281,3578.3,<0.1,13601,99.8,3559.9,<0.1,12373,99.8,8425,50.3,3559.1,<0.1,14534,99.8,766,0.1,3562.3,<0.1,14010,99.8,0,<0.1,3491.2,<0.1,10838,99.8,24030,476,0,238.5
141,50%,unit,18096,28281,3541.7,<0.1,14657,99.7,3543.8,<0.1,14161,99.8,10450,50.1,3554.5,<0.1,10508,99.8,722,<0.1,3591.2,<0.1,14860,99.7,0,<0.1,3567.6,<0.1,14390,99.8,23590,476,0,295.0
143,50%,unit,18096,28281,3589.6,<0.1,14894,99.7,3550.9,<0.1,16302,99.7,9912,50.2,3558.7,<0.1,16793,99.7,773,<0.1,3550.1,<0.1,15301,99.7,0,<0.1,3552.4,<0.1,13728,99.7,23547,476,0,260.5
145,50%,unit,18096,28281,3560.4,<0.1,11380,99.8,3553.2,<0.1,15366,99.9,10493,50.2,3535.1,<0.1,10808,99.9,732,0.1,3579.6,<0.1,11638,99.8,0,<0.1,3558.2,<0.1,13615,99.9,23718,476,0,218.0
147,50%,unit,18096,28281,3574.8,<0.1,17010,99.7,3581.6,<0.1,15409,99.7,10214,50.2,3550.7,<0.1,12351,99.7,758,0.1,3570.3,<0.1,17001,99.7,0,<0.1,3555.5,<0.1,15401,99.7,24534,476,0,290.6
149,50%,unit,26300,41500,3570.3,<0.1,18087,99.7,3579.3,<0.1,21118,99.7,13834,38.3,3543.6,<0.1,15545,99.7,909,0.1,3565.1,<0.1,18383,99.7,0,<0.1,3555.3,<0.1,17445,99.7,25046,522,0,100.3
151,50%,unit,15783,24663,3582.7,<0.1,17258,99.8,3489.4,<0.1,16066,99.8,9450,48.4,3573.2,<0.1,17180,99.8,671,0.1,3559.7,<0.1,16573,99.8,0,<0.1,3569.8,<0.1,13501,99.8,18424,411,0,608.6
153,50%,unit,29076,45570,3543.5,<0.1,6092,99.7,3566.0,<0.1,5920,99.8,12892,50.2,3559.3,<0.1,4801,99.8,877,0.1,3556.2,<0.1,6014,99.7,0,<0.1,3557.2,<0.1,5191,99.8,26317,534,0,240.7
155,50%,unit,26300,41500,3575.7,<0.1,19449,99.7,3571.2,<0.1,18795,99.7,13784,38.4,3535.6,<0.1,20315,99.7,896,0.1,3544.6,<0.1,18726,99.7,0,<0.1,3546.1,<0.1,23381,99.7,25057,522,0,220.8
157,50%,unit,2980,5360,3558.0,0.4,67872,94.9,3565.7,<0.1,32779,99.5,2242,10.0,3577.9,<0.1,29086,99.5,329,0.1,3471.1,0.4,66921,94.9,0,0.8,3584.3,<0.1,26646,99.5,5269,174,0,33.4
159,50%,unit,18096,28281,3510.8,<0.1,13938,99.9,3484.4,<0.1,18532,99.9,11705,50.2,3569.6,<0.1,15312,99.9,771,<0.1,3558.8,<0.1,13887,99.9,0,<0.1,3568.5,<0.1,14308,99.9,24011,476,0,229.0
161,50%,unit,138141,227241,3591.8,22.2,1,21.6,3591.8,21.7,1,22.8,9000,0.6,3592.2,22.2,1,21.6,1152,<0.1,3594.1,23.3,1,16.7,0,<0.1,3592.0,100.0,1,22.4,9000,768,0,0.5
163,50%,unit,18096,28281,3541.2,<0.1,15319,99.8,3572.6,<0.1,16501,99.8,8981,50.3,3579.4,<0.1,14301,99.8,722,<0.1,3586.4,<0.1,15825,99.8,0,<0.1,3572.2,<0.1,12401,99.8,23620,476,0,304.2
165,50%,unit,18096,28281,3294.1,<0.1,16519,99.9,3358.8,<0.1,19904,99.9,11842,45.3,3391.0,<0.1,14229,99.9,741,0.1,3406.6,<0.1,17057,99.9,0,<0.1,3387.2,<0.1,17182,99.9,23914,476,0,211.0
167,50%,unit,15783,24663,3574.1,<0.1,14769,99.8,3558.0,<0.1,15085,99.8,11021,47.4,3556.0,<0.1,16154,99.8,698,0.1,3567.1,<0.1,14101,99.8,0,0.1,3407.7,<0.1,13602,99.8,24048,386,0,268.5
169,50%,unit,4768,8576,3533.3,0.1,12103,99.6,3549.3,<0.1,18355,100.0,2839,37.2,3572.3,<0.1,14448,100.0,554,<0.1,3566.4,0.1,12311,99.6,0,1.9,1113.2,NA,4926,100.0,6995,186,0,89.4
171,50%,unit,18096,28281,3569.0,<0.1,12601,99.8,3543.2,<0.1,15101,99.8,10861,48.4,3542.1,<0.1,16436,99.8,716,0.1,3541.4,<0.1,11922,99.8,0,0,3560.2,<0.1,15269,99.8,23457,476,0,249.1
173,50%,unit,56860,77264,3587.4,0.1,1988,99.1,3501.2,0.1,3811,99.2,14000,51.8,3539.3,0.1,3481,99.2,1427,0.2,3558.8,0.1,2001,99.1,0,<0.1,3531.8,0.1,3002,99.2,25647,634,0,362.2
175,50%,unit,3523,6446,3574.6,0.5,64601,93.9,3524.7,0.1,18374,99.4,2408,18.5,3559.9,0.1,16930,99.4,474,<0.1,3581.2,0.5,63701,93.9,0,1.1,3524.6,0.1,15734,99.4,6302,178,0,78.2
177,50%,unit,5066,9112,3568.7,0.1,14722,99.1,3505.3,<0.1,15691,99.7,3445,30.4,3554.6,<0.1,16601,99.7,525,0.1,3534.9,0.1,14406,99.1,0,2.2,3440.4,<0.1,15949,99.7,5896,188,0,71.8
179,50%,unit,15783,24663,3566.9,<0.1,15565,99.8,3554.7,<0.1,16155,99.8,8658,48.6,3514.4,<0.1,14286,99.8,652,0.1,3582.7,<0.1,14957,99.8,0,0.1,3557.6,<0.1,15869,99.8,23473,402,0,243.2
181,50%,unit,18096,28281,3587.5,<0.1,13817,99.8,3530.6,<0.1,12701,99.8,10103,47.6,3511.7,<0.1,14895,99.8,741,0.1,3514.4,<0.1,13486,99.8,0,<0.1,3567.8,<0.1,11732,99.8,23685,476,0,404.9
183,50%,unit,72420,118362,3594.0,17.7,1,46.8,3597.3,17.3,1,48.1,11989,53.6,3593.5,9.0,1,47.9,3211,0.5,3593.8,17.7,1,46.8,0,0,3592.6,17.3,1,48.1,11192,698,0,84.4
185,50%,unit,3523,6446,3560.0,0.2,24071,97.3,3542.0,0.1,20800,99.0,2562,17.0,3576.9,0.1,21720,99.0,485,0.1,3578.3,0.2,23987,97.3,0,1.0,3568.3,0.1,14687,99.0,9892,178,0,103.3
187,50%,unit,4227,7734,3561.3,0.4,24451,95.8,3582.6,0.1,13863,98.7,2793,27.0,3536.6,0.1,14142,98.7,597,<0.1,3574.9,0.4,24443,95.8,0,1.5,3524.2,0.1,7243,98.7,21370,183,0,492.7
189,50%,unit,7400,13600,3501.7,0.3,8665,97.8,3549.9,0.1,5625,99.3,4484,50.1,3516.2,0.1,5921,99.3,875,0.1,3561.1,0.2,8965,97.8,0,4.6,3525.6,0.1,5532,99.3,9202,201,0,195.6
191,50%,unit,4579,8378,3585.1,0.4,31101,95.8,3535.1,0.1,13698,98.8,3054,32.0,3571.1,0.1,12723,98.8,587,0.1,3542.4,0.4,30784,95.8,0,1.7,3541.6,0.1,12552,98.8,11732,185,0,187.2
193,50%,unit,7030,12920,3541.0,0.3,9365,97.0,3553.2,0.1,7440,99.4,4321,50.1,3520.8,0.1,6849,99.4,785,0.1,3522.7,0.3,10801,97.0,0,4.3,3562.0,0.1,5293,99.4,12487,199,0,252.2
195,50%,unit,1150,81068,3581.1,19.5,1,24.5,3591.2,20.1,1,21.3,10568,<0.1,3591.6,20.4,1,18.7,6293,0.2,3591.8,23.3,1,9.2,8048,17.8,3591.6,25.0,1,0,1321,217,1150,2.4
197,50%,unit,1534,127011,3591.6,21.3,1,15.3,3587.7,21.8,1,15.2,10026,<0.1,3591.5,22.5,1,10.5,4029,0.1,3591.5,24.3,1,4.1,3068,10.0,3591.7,25.0,1,0,1671,237,1534,4.2
199,50%,unit,1534,126163,3591.6,21.4,1,15.6,3591.5,21.4,1,15.1,10002,<0.1,3591.5,22.0,1,12.3,4977,0.1,3591.6,24.9,1,0,1534,4.2,3591.7,24.9,1,0,1667,237,1534,4.2
1,60%,unit,6160,40207,3.1,NA,1,100.0,3.1,NA,1,100.0,0,0,4.1,NA,1,100.0,0,0,3.0,NA,1,100.0,0,0,4.2,NA,1,100.0,0,0,0,0
3,60%,unit,60541,48418,10.8,NA,1,100.0,10.6,NA,1,100.0,0,0,17.3,NA,1,100.0,0,0,10.6,NA,1,100.0,0,0,17.7,NA,1,100.0,0,0,0,0
5,60%,unit,200,798,3463.6,0.3,2227680,0,1286.6,NA,1044227,0,319,1.9,44.1,NA,17250,0,103,<0.1,3417.4,0.2,2238239,0,610,2.7,10.5,NA,1054,33.4,1998,73,306,0.7
7,60%,unit,8794,10121,0.5,NA,1,100.0,0.5,NA,1,100.0,0,0,0.8,NA,1,100.0,0,0,0.5,NA,1,100.0,0,0,0.8,NA,1,100.0,0,0,0,0
9,60%,unit,38452,174645,77.2,NA,1,100.0,66.1,NA,1,100.0,3000,<0.1,100.5,NA,1,100.0,331,<0.1,65.9,NA,1,100.0,0,0,90.3,NA,1,100.0,3000,331,0,<0.1
11,60%,unit,9877,25973,2.5,NA,1,100.0,2.9,NA,1,100.0,1836,0.3,3.9,NA,1,100.0,218,<0.1,2.7,NA,1,100.0,0,0.2,4.1,NA,1,100.0,1836,218,0,0.5
13,60%,unit,45307,36697,6.3,NA,1,100.0,6.2,NA,1,100.0,0,0,9.2,NA,1,100.0,0,0,6.4,NA,1,100.0,0,0,9.3,NA,1,100.0,0,0,0,0
15,60%,unit,53610,42940,8.5,NA,1,100.0,8.6,NA,1,100.0,0,0,12.3,NA,1,100.0,0,0,8.4,NA,1,100.0,0,0,12.3,NA,1,100.0,0,0,0,0
17,60%,unit,23541,34233,12.8,NA,1,100.0,12.9,NA,1,100.0,803,<0.1,15.9,NA,1,100.0,251,0,14.1,NA,1,100.0,0,0.6,16.5,NA,1,100.0,803,251,0,0.6
19,60%,unit,200,862,284.4,NA,147171,0,54.8,NA,18742,0,347,<0.1,167.6,NA,90855,0,107,0.1,365.4,NA,281717,0,304,0.4,16.9,NA,1308,33.9,2341,110,304,1.1
21,60%,unit,24765,19655,1.9,NA,1,100.0,1.9,NA,1,100.0,0,0,2.8,NA,1,100.0,0,0,1.9,NA,1,100.0,0,0,2.8,NA,1,100.0,0,0,0,0
23,60%,unit,27717,133665,45.2,NA,1,100.0,44.4,NA,1,100.0,3000,0,58.7,NA,1,100.0,303,<0.1,54.9,NA,1,100.0,0,5.3,65.0,NA,1,100.0,3000,303,0,5.4
25,60%,unit,23194,18295,1.7,NA,1,100.0,1.7,NA,1,100.0,0,0,2.5,NA,1,100.0,0,0,1.7,NA,1,100.0,0,0,2.5,NA,1,100.0,0,0,0,0
27,60%,unit,65866,52435,12.0,NA,1,100.0,12.1,NA,1,100.0,0,0,20.4,NA,1,100.0,0,0,12.0,NA,1,100.0,0,0,20.0,NA,1,100.0,0,0,0,0
29,60%,unit,13431,16234,1.1,NA,1,100.0,1.1,NA,1,100.0,0,0,1.8,NA,1,100.0,0,0,1.1,NA,1,100.0,0,0,1.8,NA,1,100.0,0,0,0,0
31,60%,unit,200,813,3443.8,1.7,1661201,0,271.3,NA,29247,55.2,2139,0.7,531.6,NA,123074,44.1,348,0.1,3487.3,1.8,1939401,0,155,3.6,290.5,NA,32742,55.8,1621,190,155,0.7
33,60%,unit,4410,6885,3455.0,0.8,808278,0,78.8,NA,12881,100.0,4660,3.2,5.8,NA,118,100.0,827,<0.1,3502.2,0.8,800328,0,0,2.0,37.7,NA,685,100.0,21180,364,0,10.0
35,60%,unit,200,864,3467.2,1.1,1938209,0,2250.7,NA,795745,0,310,1.5,3421.1,0.6,1632626,0,100,2.9,3495.5,0.9,1898001,0,154,3.1,250.1,NA,36035,27.8,1893,84,154,0.9
37,60%,unit,198,808,3507.3,0.8,1818610,0,522.9,NA,226309,0,300,0.3,1447.3,NA,885416,0,95,0.8,3524.1,0.8,1792709,0,156,2.9,59.6,NA,8037,34.0,1954,73,310,0.8
39,60%,unit,6795,10620,3524.8,0.9,565486,0,111.3,NA,14945,100.0,6939,5.8,3501.3,0.6,436001,0,780,0.8,3434.8,0.9,534933,0,0,1.8,75.3,NA,2076,100.0,22292,390,0,20.8
41,60%,unit,200,1023,3480.7,2.1,1477285,0,3474.5,0.5,307201,40.9,2081,1.4,3443.5,0.6,531688,32.1,362,0.7,3475.1,2.1,1613044,0,156,2.7,3454.5,0.4,262501,43.1,2210,163,156,2.0
43,60%,unit,200,841,3502.9,2.0,1276201,0,2376.9,NA,324587,51.5,1321,0.8,3483.4,0.4,736601,46.1,338,1.1,3503.8,2.0,1270970,0,158,2.1,2835.6,NA,357618,53.4,1845,196,316,2.0
45,60%,unit,200,1020,3468.7,1.4,1767301,0,1460.7,NA,127130,35.1,1796,0.8,3521.5,0.9,1048801,0,185,1.7,3489.2,1.5,1630326,0,490,2.9,2753.3,NA,217660,34.2,2710,144,160,1.8
47,60%,unit,200,1093,3472.5,1.8,1322645,0,2155.3,NA,169207,44.0,1839,0.8,3459.4,0.7,712601,10.6,231,1.2,3430.9,1.9,1251183,0,610,2.1,1286.8,NA,94701,44.1,2246,151,310,1.1
49,60%,unit,200,933,3473.8,1.4,1469601,0,1429.6,NA,174869,33.5,1963,0.9,3513.9,0.8,1457301,0,131,2.1,3533.6,1.4,1644732,0,612,3.2,1236.6,NA,144963,33.7,2063,119,159,1.2
51,60%,unit,200,1098,3503.6,1.8,1126301,0,2379.0,NA,166466,46.1,2285,1.0,3502.7,0.5,577401,30.9,378,0.7,3519.7,2.0,1221101,0,616,2.0,1572.3,NA,116900,46.5,2027,206,318,1.2
53,60%,unit,200,1026,3501.9,2.1,1382929,0,3519.0,0.5,292101,40.0,2081,1.4,3427.9,0.9,721001,9.1,223,1.0,3504.3,2.2,1364517,0,160,2.4,3511.3,0.5,251801,39.6,2233,146,306,2.2
55,60%,unit,200,938,3512.6,1.1,1626801,0,547.4,NA,76768,27.8,1449,0.4,3303.4,NA,1022850,13.6,216,1.1,3537.4,1.2,1735501,0,607,3.0,599.3,NA,71319,27.2,1969,116,155,1.0
57,60%,unit,200,1160,3481.2,2.0,1082102,0,3073.2,NA,223259,48.6,1862,0.9,3503.2,0.6,412701,42.5,578,0.7,3535.3,2.1,1209481,0,613,2.2,3464.8,0.2,232366,47.0,1967,271,159,1.9
59,60%,unit,200,961,3558.7,1.5,1504404,0,1342.1,NA,192156,39.8,1986,0.8,3515.4,0.3,912542,27.5,292,1.1,3484.6,1.5,1943401,0,282,3.7,1653.3,NA,219598,40.6,1879,135,296,1.4
61,60%,unit,200,931,3484.0,1.3,1596601,0,501.2,NA,57808,34.3,2191,0.9,3513.7,0.7,1350301,0,129,1.9,3522.5,1.2,1460065,0,462,2.6,1016.0,NA,134026,28.6,1626,103,312,1.0
63,60%,unit,200,1011,3440.6,2.1,1670648,0,3478.9,0.7,261618,33.6,1682,1.1,3522.7,1.1,716001,7.6,174,1.3,3444.2,1.9,1443620,0,476,2.9,3509.2,0.4,259301,37.7,2375,122,320,2.2
65,60%,unit,200,1011,3494.2,1.8,1375198,0,1459.7,NA,141096,39.5,2179,0.8,3510.7,0.4,659530,29.2,244,0.8,3515.4,1.6,1356157,0,158,2.3,1435.4,NA,120251,40.8,2394,123,316,1.2
67,60%,unit,200,1174,3450.9,1.9,1145604,0,1310.9,NA,74710,53.3,2273,0.9,3500.2,0.4,507309,37.6,389,0.7,3440.1,1.7,1063515,0,638,2.1,1588.5,NA,82630,54.2,2610,230,160,1.6
69,60%,unit,200,1083,3498.6,1.9,1434863,0,1075.1,NA,90145,44.3,2418,0.9,3472.4,0.4,551148,37.3,412,0.6,3484.2,1.8,1270584,0,310,2.4,2021.8,NA,220874,43.0,1693,185,160,1.5
71,60%,unit,200,952,3514.4,1.3,1708774,0,284.8,NA,26006,43.0,1772,0.6,1167.3,NA,238116,24.9,217,0.3,3517.1,1.4,1595431,0,465,3.0,271.0,NA,23534,41.9,2259,115,159,1.0
73,60%,unit,200,1078,3516.4,1.9,1617212,0,3488.6,0.5,269664,35.0,1876,1.1,3521.9,0.6,532801,26.6,319,0.9,3528.2,2.2,1423902,0,628,2.8,3496.7,0.5,262801,39.5,1986,157,315,2.4
75,60%,unit,26300,41500,3400.5,1.3,50601,0,3439.4,<0.1,55942,97.4,16057,42.0,3536.4,1.3,51984,0,1044,<0.1,3463.0,1.3,48731,0,0,0.1,3513.9,<0.1,45301,97.4,26257,522,0,125.8
77,60%,unit,200,961,3509.6,1.4,1442618,0,1356.7,NA,192156,39.8,1986,0.9,3500.0,0.3,892101,27.5,292,1.1,3524.5,1.4,1904201,0,282,3.4,1697.0,NA,219598,40.6,1879,135,296,1.7
79,60%,unit,26300,41500,3530.8,1.3,68801,0,3530.1,<0.1,71801,97.4,17392,46.0,3467.9,1.3,59301,0,1044,0.2,3474.7,1.3,67801,0,0,0.1,3517.8,<0.1,73560,97.4,27034,522,0,92.1
81,60%,unit,199,1091,3458.2,2.4,1182998,0,3535.4,0.8,192801,42.0,2017,1.0,3586.6,1.1,495201,29.5,348,0.9,3535.8,2.4,1211901,0,476,2.4,3535.7,0.6,182901,43.7,2600,176,159,1.9
83,60%,unit,200,1172,3549.0,2.8,1265501,0,3574.9,0.8,178738,44.0,2588,1.5,3520.6,1.2,482027,31.8,429,0.6,3470.3,2.8,985790,0,316,1.8,3575.1,1.0,197501,42.4,2226,233,158,2.4
85,60%,unit,11470,17408,3522.7,0.9,219701,0,3485.9,<0.1,29659,98.7,6033,40.0,3515.2,1.0,221301,0,860,0.4,3510.2,0.9,201801,0,0,2.5,3060.7,NA,17325,98.7,22763,430,0,213.7
87,60%,unit,13590,21240,3538.8,0.9,171101,0,3513.2,<0.1,85101,98.4,11992,39.9,3493.9,0.7,156501,0,892,0.2,3542.2,0.9,169201,0,0,3.3,3442.4,<0.1,133804,98.4,24990,446,0,160.8
89,60%,unit,57316,77978,3284.3,NA,30501,100.0,3219.2,NA,68001,100.0,10735,1.5,3316.1,NA,46701,100.0,1272,0.1,3323.9,NA,29801,100.0,0,<0.1,346.0,NA,1,100.0,16444,1377,0,2.3
91,60%,unit,200,1163,3521.4,3.2,1487836,0,3509.8,1.1,222401,43.0,1787,1.3,3503.9,1.3,402501,36.0,656,0.8,3554.0,3.1,1576155,0,482,2.8,3494.3,1.1,188701,43.2,1890,236,159,2.2
93,60%,unit,200,1162,3529.5,2.7,1237329,0,3529.7,0.8,205501,42.6,1724,1.0,3538.9,1.2,490115,30.5,538,0.8,3529.4,2.4,1360042,0,490,2.4,3514.0,0.6,181978,43.4,2337,206,317,2.1
95,60%,unit,15783,24663,3482.0,0.8,109101,0,3503.4,<0.1,63306,98.6,13609,42.8,3544.9,0.7,114001,0,924,0.2,3544.7,0.8,120301,0,0,4.7,3481.3,<0.1,101148,98.6,24839,462,0,172.1
97,60%,unit,18096,28281,3537.2,0.9,129301,0,3501.0,<0.1,59382,98.2,12898,47.8,3466.3,1.1,86701,0,952,0.2,3555.2,0.9,126701,0,0,6.5,3490.7,<0.1,51301,98.2,25068,476,0,112.3
99,60%,unit,26300,41500,3577.1,1.3,49603,0,3507.2,<0.1,48401,97.7,17425,45.3,3537.0,1.3,48101,0,1044,0.1,3512.8,1.3,48301,0,0,<0.1,3465.9,<0.1,66001,97.7,27030,522,0,84.8
101,60%,unit,26300,41500,3565.0,1.3,55429,0,3541.2,<0.1,79201,98.5,14112,45.7,3558.2,1.3,46501,0,1044,0.1,3415.1,1.3,53201,0,0,0.1,3400.9,<0.1,64623,98.5,27131,522,0,115.4
103,60%,unit,15783,24663,3522.9,0.8,130501,0,3533.9,<0.1,62001,99.0,12238,49.4,3533.7,0.7,133201,0,924,0.3,3576.9,0.8,130101,0,0,5.1,3526.2,<0.1,101901,99.0,23780,462,0,145.0
105,60%,unit,26300,41500,3426.8,1.3,49901,0,3590.4,<0.1,77666,97.6,14187,45.6,3557.9,1.3,53501,0,1044,0.1,3536.7,1.3,51901,0,0,0.1,3501.9,<0.1,55167,97.6,28064,522,0,135.0
107,60%,unit,13590,21240,3505.4,0.9,187001,0,3530.6,<0.1,68201,98.4,13373,46.5,3559.0,0.6,180301,0,892,0.4,3552.0,0.9,186301,0,0,4.3,3560.4,<0.1,93101,98.4,23427,446,0,176.4
109,60%,unit,66992,90970,3344.2,NA,23101,100.0,3441.4,NA,50201,100.0,11435,1.4,3447.9,NA,43301,100.0,1332,0.1,3280.7,NA,22401,100.0,0,<0.1,591.7,NA,1,100.0,14118,3315,0,1.8
111,60%,unit,450,17831,3532.3,12.2,39001,0,3484.5,11.1,9901,19.4,10591,0.1,3510.9,12.4,1,27.2,97868,2.6,3547.0,11.7,36405,<0.1,1083,0.5,3500.9,11.6,1,29.3,10591,92020,722,2.8
113,60%,unit,26300,41500,3549.8,1.3,44401,0,3475.4,<0.1,48790,98.1,15111,45.6,3522.6,1.3,47901,0,1044,0.1,3550.4,1.3,44401,0,0,0.1,3549.2,<0.1,46901,98.1,27395,522,0,155.8
115,60%,unit,18096,28281,3507.1,1.2,88211,0,3586.0,<0.1,68001,97.0,14460,49.1,3484.4,0.7,120801,0,952,0.2,3532.0,1.2,89601,0,0,6.6,3490.4,<0.1,72501,97.0,24289,476,0,157.8
117,60%,unit,18096,28281,3564.7,1.0,99801,0,3569.4,<0.1,69201,98.5,10159,51.5,3494.5,1.1,98101,0,952,0.3,3541.9,1.1,97701,0,0,6.6,3495.6,<0.1,52001,98.5,24634,476,0,206.2
119,60%,unit,18096,28281,3525.6,1.2,89001,0,3584.9,<0.1,54801,97.6,10367,49.0,3479.7,1.2,82601,0,952,0.2,3525.1,1.2,88001,0,0,6.1,3567.8,<0.1,71701,97.6,24551,476,0,227.5
121,60%,unit,18096,28281,3548.3,1.0,125301,0,3525.8,<0.1,71001,97.6,12229,48.2,3502.4,1.1,99401,0,952,0.1,3519.8,1.1,119401,0,0,6.5,3531.4,<0.1,54901,97.6,24764,476,0,198.8
123,60%,unit,26300,41500,3547.7,1.3,66601,0,3560.4,<0.1,66866,97.4,17314,41.6,3471.5,1.3,46101,0,1044,0.1,3552.9,1.3,64501,0,0,0.2,3539.6,<0.1,74878,97.4,27235,522,0,102.3
125,60%,unit,26300,41500,3534.1,1.3,48588,0,3547.8,<0.1,59301,97.7,17100,47.5,3475.6,1.3,46001,0,1044,0.1,3505.1,1.3,48281,0,0,0.1,3576.2,<0.1,55446,97.7,26752,522,0,96.6
127,60%,unit,18096,28281,3572.6,1.2,101901,0,3553.2,<0.1,52881,98.5,11687,50.2,3552.2,1.1,90093,0,952,0.2,3521.5,1.2,99901,0,0,6.8,3546.5,<0.1,49001,98.5,24333,476,0,200.1
129,60%,unit,15783,24663,3532.6,0.8,143317,0,3568.8,<0.1,84301,97.9,11274,48.4,3491.2,0.7,136401,0,924,0.3,3539.7,0.8,138001,0,0,4.8,3545.8,<0.1,55501,97.9,24374,462,0,287.4
131,60%,unit,2980,5360,3567.9,1.2,504032,0,3527.4,<0.1,70128,99.2,2238,7.2,3505.0,<0.1,70322,99.2,522,0.2,3541.4,1.2,495291,0,0,1.2,3560.8,<0.1,73801,99.2,4063,348,0,17.8
133,60%,unit,15783,24663,3522.1,0.8,116381,0,3460.3,<0.1,59301,98.3,12182,47.6,3545.5,0.7,126601,0,924,0.2,3573.3,0.8,115501,0,0,5.0,3561.6,<0.1,66901,98.3,23795,462,0,173.1
135,60%,unit,26300,41500,3577.4,1.3,61401,0,3499.8,<0.1,69601,97.7,18986,43.9,3565.2,1.3,63501,0,1044,0.2,3558.2,1.3,59901,0,0,0.1,3567.0,<0.1,42601,97.7,26629,522,0,127.5
137,60%,unit,26300,41500,3459.9,1.3,51401,0,3519.6,<0.1,86545,98.5,14450,45.6,3562.8,1.3,54603,0,1044,0.2,3518.8,1.3,51228,0,0,0.1,3536.4,<0.1,73416,98.5,27141,522,0,145.8
139,60%,unit,18096,28281,3515.8,1.2,90501,0,3533.3,<0.1,44401,97.6,15164,49.7,3548.4,1.1,86801,0,952,0.2,3539.0,1.2,90656,0,0,6.7,3576.2,<0.1,78478,97.6,25409,476,0,157.3
141,60%,unit,18096,28281,3567.7,1.0,111801,0,3507.6,<0.1,80805,97.9,12984,50.5,3534.8,1.0,93601,0,952,0.2,3575.4,1.0,110411,0,0,6.0,3542.0,<0.1,62906,97.9,24492,476,0,238.4
143,60%,unit,18096,28281,3576.5,1.1,93784,0,3554.0,<0.1,65001,97.3,13457,51.9,3550.8,1.2,88901,0,952,0.3,3569.4,1.1,91110,0,0,6.4,3563.1,<0.1,92445,97.3,25338,476,0,200.2
145,60%,unit,18096,28281,3535.9,0.8,118001,0,3571.7,<0.1,69065,97.0,13656,55.9,3546.4,0.9,110749,0,952,0.3,3526.0,0.8,116501,0,0,7.0,3545.6,<0.1,64601,97.0,24731,476,0,177.1
147,60%,unit,18096,28281,3558.0,0.8,137401,0,3568.9,<0.1,90350,97.6,15152,51.3,3562.0,0.9,117501,0,952,0.2,3550.2,0.8,134201,0,0,6.2,3554.3,<0.1,61201,97.6,25030,476,0,129.9
149,60%,unit,26300,41500,3511.2,1.3,55101,0,3551.6,<0.1,70901,97.2,17413,47.3,3563.7,1.3,52301,0,1044,0.1,3530.3,1.3,55001,0,0,0.1,3555.8,<0.1,61854,97.2,27466,522,0,86.9
151,60%,unit,15783,24663,3517.9,0.8,126401,0,3545.2,<0.1,79301,98.6,11544,47.5,3563.4,0.7,142301,0,924,0.3,3548.7,0.8,122601,0,0,4.7,3560.1,<0.1,85801,98.6,25446,462,0,164.0
153,60%,unit,29076,45570,3494.8,1.3,50501,0,3565.2,<0.1,21841,98.2,17732,46.2,3565.5,1.2,54601,0,1068,0.1,3554.3,1.3,51401,0,0,0.1,3549.8,<0.1,12201,98.2,27444,534,0,126.1
155,60%,unit,26300,41500,3546.2,1.3,62701,0,3521.4,<0.1,70027,97.9,13996,46.5,3513.1,1.3,53201,0,1044,0.1,3524.6,1.3,60553,0,0,0.1,3537.6,<0.1,46601,97.9,26456,522,0,146.9
157,60%,unit,2980,5360,3540.1,1.5,517401,0,3480.6,<0.1,63148,98.5,2309,6.9,3579.2,0.1,56941,98.5,632,<0.1,3426.8,1.5,498201,0,0,1.2,3576.0,<0.1,68401,98.5,6070,348,0,29.6
159,60%,unit,18096,28281,3563.2,1.0,118901,0,3526.8,<0.1,76501,97.3,14581,48.6,3510.2,1.0,108101,0,952,0.3,3544.8,1.0,120301,0,0,6.7,3545.8,<0.1,84627,97.3,25950,476,0,138.2
161,60%,unit,138141,227241,3591.7,11.0,1,35.9,3580.1,4.5,82,0,12000,0.4,3592.0,11.0,1,36.4,2175,0.1,3591.8,11.0,1,35.9,0,0,3593.0,6.4,1,0.6,12000,3840,0,0.6
163,60%,unit,18096,28281,3520.8,0.8,121101,0,3571.8,<0.1,60201,97.6,14127,49.9,3563.0,0.9,119801,0,952,0.2,3535.6,0.9,121201,0,0,6.1,3550.7,<0.1,64171,97.6,24555,476,0,147.6
165,60%,unit,18096,28281,3424.4,0.8,114701,0,3429.0,<0.1,59101,98.2,12260,46.7,3478.1,1.0,113501,0,952,0.3,3491.2,0.8,115001,0,0,6.2,3491.1,<0.1,69701,98.2,24890,476,0,154.0
167,60%,unit,15783,24663,3547.7,0.8,156401,0,3530.4,<0.1,68501,98.6,10878,47.0,3535.6,0.7,140201,0,924,0.3,3463.4,0.8,153601,0,0,4.9,3575.4,<0.1,85415,98.6,24821,462,0,183.1
169,60%,unit,4768,8576,3494.1,1.7,305301,0,3552.7,<0.1,38701,99.1,3051,23.0,3564.4,<0.1,35067,99.1,947,0.1,3536.1,1.7,298826,0,0,1.2,3515.1,<0.1,38810,99.1,15579,372,0,123.5
171,60%,unit,18096,28281,3562.5,0.8,130701,0,3514.0,<0.1,52301,97.0,12675,48.8,3508.4,1.0,109301,0,952,0.2,3528.0,0.8,131301,0,0,6.1,3563.3,<0.1,62901,97.0,24696,476,0,200.0
173,60%,unit,56860,77264,3321.4,NA,28501,100.0,1921.7,NA,22001,100.0,10602,1.3,3042.4,NA,31001,100.0,1268,0.1,3256.4,NA,27301,100.0,0,0.1,352.3,NA,1,100.0,19084,1035,0,2.6
175,60%,unit,3523,6446,3527.6,1.5,411901,0,3539.5,<0.1,41799,100.0,2702,12.3,1382.1,NA,15289,100.0,710,<0.1,3570.2,1.4,418301,0,0,1.1,3527.1,<0.1,35546,100.0,8748,356,0,59.8
177,60%,unit,5066,9112,3526.5,1.8,288601,0,3551.5,0.1,25603,98.3,3598,22.6,3544.5,<0.1,27801,98.3,1007,<0.1,3551.7,1.8,292101,0,0,1.3,3525.7,<0.1,31501,98.3,11042,376,0,92.3
179,60%,unit,15783,24663,3568.5,0.8,155101,0,3578.9,<0.1,75301,97.6,10803,47.8,3544.1,0.7,141401,0,924,0.2,3552.3,0.8,146401,0,0,4.8,3553.3,<0.1,73154,97.6,23894,462,0,211.9
181,60%,unit,18096,28281,3535.8,0.9,139001,0,3536.6,<0.1,59401,97.6,10917,53.6,3557.7,1.1,110101,0,952,0.2,3550.8,0.9,135501,0,0,6.5,3566.1,0.1,85125,97.6,24820,476,0,205.9
183,60%,unit,72420,118362,3514.2,2.0,7711,0,3474.8,0.2,1520,89.9,12000,1.0,3485.7,2.0,10905,0,1396,<0.1,3480.5,2.0,7372,0,0,0.1,3554.2,0.2,2001,89.9,12000,698,0,1.4
185,60%,unit,3523,6446,3552.9,1.7,450701,0,3583.4,0.1,44465,97.7,2846,10.7,3569.4,0.1,40901,97.7,558,0.1,3537.2,1.7,444301,0,0,1.4,3497.7,0.1,31706,97.7,11614,356,0,85.5
187,60%,unit,4227,7734,3519.4,1.8,336501,0,3536.4,0.1,26793,96.2,2972,18.7,3539.4,0.1,28869,96.2,853,0.1,3500.0,1.8,329401,0,0,1.1,3562.2,0.1,24101,96.2,15674,366,0,149.4
189,60%,unit,7400,13600,3511.3,1.7,189701,0,3543.4,0.1,6086,97.8,5073,59.7,3571.7,0.1,10627,97.8,1410,<0.1,3563.5,1.8,186301,0,0,2.1,3575.3,0.1,10301,97.8,22346,402,0,422.5
191,60%,unit,4579,8378,3578.2,1.7,301501,0,3539.2,0.1,19301,97.3,3742,26.0,3492.3,0.1,29901,97.3,933,0.1,3548.0,1.7,291501,0,0,1.3,3531.4,0.1,22401,97.3,17641,370,0,279.7
193,60%,unit,7030,12920,3517.6,1.6,172701,0,3577.8,0.1,13701,98.0,4552,58.8,3435.8,0.1,12048,98.0,1334,<0.1,3581.9,1.7,175901,0,0,1.9,3519.2,0.1,8901,98.0,22504,398,0,417.2
195,60%,unit,1150,81068,3583.0,15.7,7616,0,3580.7,15.6,8001,0,5284,<0.1,3591.5,14.2,1,8.1,4774,0.1,3555.1,15.7,3878,0,3693,7.2,3591.5,14.5,1,6.8,10568,2604,1882,4.6
197,60%,unit,1534,127011,3515.7,14.9,5601,0,3460.4,15.3,5901,0,6684,<0.1,3591.5,14.8,1,4.8,4740,0.1,3509.9,15.5,6801,0,4930,12.8,3591.6,14.7,1,4.7,10026,3555,1228,2.9
199,60%,unit,1534,126163,3439.1,15.4,6501,0,3591.6,15.3,1,4.3,10002,<0.1,3586.4,14.7,1,4.5,4503,0.1,3542.1,15.0,5501,0,4922,13.5,3591.5,14.9,1,4.4,10002,3318,2476,6.9
1,70%,unit,6160,40207,2.1,NA,1,100.0,2.1,NA,1,100.0,0,0,3.2,NA,1,100.0,0,0,2.1,NA,1,100.0,0,0,3.1,NA,1,100.0,0,0,0,0
3,70%,unit,60541,48418,10.9,NA,1,100.0,10.6,NA,1,100.0,0,0,17.0,NA,1,100.0,0,0,10.3,NA,1,100.0,0,0,17.7,NA,1,100.0,0,0,0,0
5,70%,unit,200,798,0.1,NA,1,100.0,0.1,NA,1,100.0,143,<0.1,0.1,NA,1,100.0,26,0,0.1,NA,1,100.0,103,<0.1,0.1,NA,1,100.0,143,26,103,0.1
7,70%,unit,8794,10121,0.5,NA,1,100.0,0.6,NA,1,100.0,0,0,0.9,NA,1,100.0,0,0,0.6,NA,1,100.0,0,0,0.9,NA,1,100.0,0,0,0,0
9,70%,unit,38452,174645,40.7,NA,1,100.0,39.0,NA,1,100.0,3000,<0.1,64.1,NA,1,100.0,331,<0.1,41.1,NA,1,100.0,0,2.6,68.9,NA,1,100.0,3000,331,0,2.5
11,70%,unit,9877,25973,2.2,NA,1,100.0,2.1,NA,1,100.0,0,0,3.4,NA,1,100.0,0,0,2.3,NA,1,100.0,0,0,3.6,NA,1,100.0,0,0,0,0
13,70%,unit,45307,36697,6.7,NA,1,100.0,6.5,NA,1,100.0,0,0,9.4,NA,1,100.0,0,0,6.5,NA,1,100.0,0,0,9.0,NA,1,100.0,0,0,0,0
15,70%,unit,53610,42940,7.8,NA,1,100.0,8.0,NA,1,100.0,0,0,11.9,NA,1,100.0,0,0,7.8,NA,1,100.0,0,0,11.8,NA,1,100.0,0,0,0,0
17,70%,unit,23541,34233,6.1,NA,1,100.0,6.0,NA,1,100.0,0,0,9.0,NA,1,100.0,0,0,5.8,NA,1,100.0,0,0,8.4,NA,1,100.0,0,0,0,0
19,70%,unit,200,862,0.1,NA,1,100.0,0.1,NA,1,100.0,136,0,0.1,NA,1,100.0,29,0,0.1,NA,1,100.0,51,<0.1,0.1,NA,1,100.0,136,24,48,<0.1
21,70%,unit,24765,19655,2.1,NA,1,100.0,2.1,NA,1,100.0,0,0,3.1,NA,1,100.0,0,0,2.1,NA,1,100.0,0,0,3.0,NA,1,100.0,0,0,0,0
23,70%,unit,27717,133665,24.3,NA,1,100.0,24.2,NA,1,100.0,3000,<0.1,37.5,NA,1,100.0,303,<0.1,24.8,NA,1,100.0,0,0.7,38.4,NA,1,100.0,3000,303,0,0.7
25,70%,unit,23194,18295,1.8,NA,1,100.0,1.8,NA,1,100.0,0,0,2.5,NA,1,100.0,0,0,1.8,NA,1,100.0,0,0,2.5,NA,1,100.0,0,0,0,0
27,70%,unit,65866,52435,12.6,NA,1,100.0,11.8,NA,1,100.0,0,0,19.8,NA,1,100.0,0,0,12.1,NA,1,100.0,0,0,20.4,NA,1,100.0,0,0,0,0
29,70%,unit,13431,16234,1.2,NA,1,100.0,1.2,NA,1,100.0,0,0,2.0,NA,1,100.0,0,0,1.2,NA,1,100.0,0,0,2.0,NA,1,100.0,0,0,0,0
31,70%,unit,200,813,0.1,NA,1,100.0,2.5,NA,2301,100.0,263,<0.1,0.4,NA,1,100.0,119,0,0.4,NA,1,100.0,198,<0.1,0.3,NA,1,100.0,428,98,104,0.1
33,70%,unit,4410,6885,0.4,NA,1,100.0,0.4,NA,1,100.0,252,<0.1,0.6,NA,1,100.0,182,0,0.5,NA,1,100.0,0,<0.1,0.6,NA,1,100.0,252,182,0,<0.1
35,70%,unit,200,864,0.1,NA,1,100.0,0.1,NA,1,100.0,192,<0.1,0.1,NA,1,100.0,37,0,0.1,NA,1,100.0,92,<0.1,0.2,NA,1,100.0,192,32,92,<0.1
37,70%,unit,198,808,0.2,NA,1,100.0,0.1,NA,1,100.0,147,<0.1,0.1,NA,1,100.0,36,0,0.3,NA,1,100.0,109,<0.1,0.2,NA,1,100.0,158,31,199,0.1
39,70%,unit,6795,10620,0.8,NA,1,100.0,0.8,NA,1,100.0,465,<0.1,1.1,NA,1,100.0,195,0,0.9,NA,1,100.0,0,0.2,1.3,NA,1,100.0,465,195,0,0.2
41,70%,unit,200,1023,5.2,NA,8001,100.0,1.3,NA,737,100.0,331,<0.1,321.3,NA,284001,100.0,99,0.2,216.5,NA,305001,100.0,218,0.3,1.7,NA,1,100.0,2044,190,194,0.2
43,70%,unit,200,841,12.5,NA,21231,100.0,19.5,NA,17767,100.0,257,0.1,3.0,NA,2890,100.0,125,0,12.9,NA,21231,100.0,112,0.1,1.4,NA,1,100.0,1818,203,140,0.2
45,70%,unit,200,1020,3.8,NA,5638,100.0,0.4,NA,1,100.0,285,<0.1,3.7,NA,4654,100.0,84,<0.1,3.9,NA,5638,100.0,108,<0.1,0.3,NA,1,100.0,311,58,108,0.1
47,70%,unit,200,1093,256.8,NA,452681,100.0,114.6,NA,97001,100.0,286,0.2,1232.0,NA,1329851,100.0,76,1.3,264.1,NA,452681,100.0,107,0.5,5.9,NA,1,100.0,5815,431,217,0.6
49,70%,unit,200,933,0.2,NA,1,100.0,0.5,NA,1,100.0,220,<0.1,0.4,NA,1,100.0,53,0,0.2,NA,1,100.0,116,<0.1,0.3,NA,1,100.0,302,45,219,0.1
51,70%,unit,200,1098,116.6,NA,189001,100.0,385.3,NA,262001,100.0,295,0.6,214.3,NA,155001,100.0,121,0.1,205.5,NA,260001,100.0,312,0.4,1.3,NA,1,100.0,1844,206,207,0.2
53,70%,unit,200,1026,5.4,NA,7421,100.0,8.7,NA,10291,100.0,247,0.1,98.8,NA,107001,100.0,78,0.1,40.2,NA,57001,100.0,191,0.1,2.7,NA,1,100.0,3041,146,139,0.3
55,70%,unit,200,938,0.1,NA,1,100.0,0.2,NA,1,100.0,163,<0.1,0.1,NA,1,100.0,48,0,0.1,NA,1,100.0,99,<0.1,0.2,NA,1,100.0,163,47,99,<0.1
57,70%,unit,200,1160,3523.9,0.2,3252701,0,1466.1,NA,939345,0,296,1.2,547.6,NA,402068,0,119,0.5,3503.2,0.2,3195101,0,116,3.5,209.1,NA,17438,0,28716,6164,116,2.7
59,70%,unit,200,961,0.3,NA,1,100.0,0.3,NA,1,100.0,227,<0.1,0.5,NA,1,100.0,85,0,0.3,NA,1,100.0,102,<0.1,0.2,NA,1,100.0,227,62,102,<0.1
61,70%,unit,200,931,0.2,NA,1,100.0,0.4,NA,1,100.0,240,<0.1,0.1,NA,1,100.0,65,0,0.3,NA,1,100.0,105,<0.1,0.3,NA,1,100.0,441,51,105,0.1
63,70%,unit,200,1011,39.5,NA,76001,100.0,188.2,NA,174001,100.0,265,0.2,14.4,NA,16052,100.0,86,0,40.8,NA,76001,100.0,116,0.1,1.4,NA,1,100.0,1919,130,217,0.2
65,70%,unit,200,1011,43.0,NA,92001,100.0,3.0,NA,2732,100.0,264,<0.1,1.3,NA,719,100.0,86,0,2.0,NA,2226,100.0,211,<0.1,0.7,NA,1,100.0,733,75,116,0.1
67,70%,unit,200,1174,3482.0,0.3,2947773,0,1716.5,NA,1167964,0,307,1.7,746.3,NA,558161,0,147,0.5,3503.0,0.3,2866911,0,440,3.8,259.5,NA,20862,0,29914,9628,130,3.3
69,70%,unit,200,1083,1027.9,NA,1525001,100.0,6.2,NA,4039,100.0,294,<0.1,5.8,NA,5001,100.0,132,0,1050.7,NA,1525001,100.0,115,1.5,1.6,NA,1,100.0,1542,179,115,0.2
71,70%,unit,200,952,0.4,NA,1,100.0,0.2,NA,1,100.0,237,<0.1,0.6,NA,1,100.0,44,0,0.6,NA,1,100.0,153,<0.1,0.3,NA,1,100.0,315,36,111,<0.1
73,70%,unit,200,1078,2.1,NA,1127,100.0,166.3,NA,132539,100.0,289,0.3,10.9,NA,9800,100.0,89,0,2.2,NA,1127,100.0,109,<0.1,1.7,NA,1,100.0,2138,183,109,0.3
75,70%,unit,26300,41500,10.9,NA,1,100.0,11.0,NA,1,100.0,2001,0.1,15.1,NA,1,100.0,261,0,13.8,NA,1,100.0,0,2.8,18.2,NA,1,100.0,2001,261,0,3.1
77,70%,unit,200,961,0.3,NA,1,100.0,0.3,NA,1,100.0,227,<0.1,0.5,NA,1,100.0,85,0,0.3,NA,1,100.0,102,<0.1,0.2,NA,1,100.0,227,62,102,<0.1
79,70%,unit,26300,41500,14.4,NA,1,100.0,14.2,NA,1,100.0,1743,0.1,18.3,NA,1,100.0,261,0,16.4,NA,1,100.0,0,2.2,21.0,NA,1,100.0,1743,261,0,2.5
81,70%,unit,199,1091,3515.6,0.2,3389901,0,2187.8,NA,1767246,0,280,3.1,2498.1,NA,2018010,0,79,2.3,3520.9,0.2,3330151,0,190,4.1,411.6,NA,56285,0,27386,2621,209,3.1
83,70%,unit,200,1172,3536.4,0.3,2663361,0,2400.6,NA,1326980,0,375,2.2,3531.6,0.3,1924301,0,148,3.1,3519.1,0.3,2596177,0,242,4.0,1504.0,NA,104230,0,29355,13205,117,3.2
85,70%,unit,11470,17408,1.5,NA,1,100.0,1.5,NA,1,100.0,623,<0.1,2.2,NA,1,100.0,215,0,1.7,NA,1,100.0,0,0.3,2.5,NA,1,100.0,623,215,0,0.3
87,70%,unit,13590,21240,2.8,NA,1,100.0,2.9,NA,1,100.0,816,<0.1,3.9,NA,1,100.0,223,0,3.3,NA,1,100.0,0,0.5,4.5,NA,1,100.0,816,223,0,0.5
89,70%,unit,57316,77978,27.5,NA,1,100.0,29.6,NA,1,100.0,2376,0.2,47.4,NA,1,100.0,318,0,31.6,NA,1,100.0,0,4.0,53.1,NA,1,100.0,2376,318,0,4.2
91,70%,unit,200,1163,3535.5,0.4,2344101,0,3545.6,0.5,1630601,0,326,4.5,3501.8,0.2,1821726,0,188,2.5,3515.1,0.4,2312601,0,118,3.5,3295.9,NA,680782,0,27225,3992,123,5.0
93,70%,unit,200,1162,3470.7,0.3,2841901,0,1907.5,NA,1246108,0,297,2.0,3037.9,NA,1858626,0,134,2.1,3552.7,0.3,2661088,0,448,4.1,490.9,NA,64609,0,29067,10528,226,3.2
95,70%,unit,15783,24663,4.2,NA,1,100.0,3.7,NA,1,100.0,1061,<0.1,5.0,NA,1,100.0,231,<0.1,4.6,NA,1,100.0,0,0.9,6.2,NA,1,100.0,1061,231,0,0.9
97,70%,unit,18096,28281,6.2,NA,1,100.0,5.2,NA,1,100.0,1333,0.1,7.4,NA,1,100.0,238,0,6.6,NA,1,100.0,0,1.3,8.7,NA,1,100.0,1333,238,0,1.3
99,70%,unit,26300,41500,16.5,NA,1,100.0,12.9,NA,1,100.0,1970,0.1,18.0,NA,1,100.0,261,<0.1,16.5,NA,1,100.0,0,2.8,21.5,NA,1,100.0,1970,261,0,3.0
101,70%,unit,26300,41500,14.1,NA,1,100.0,11.1,NA,1,100.0,1929,0.1,14.8,NA,1,100.0,261,<0.1,13.8,NA,1,100.0,0,2.7,18.1,NA,1,100.0,1929,261,0,2.8
103,70%,unit,15783,24663,4.3,NA,1,100.0,3.8,NA,1,100.0,1038,<0.1,5.4,NA,1,100.0,231,0,4.6,NA,1,100.0,0,0.8,6.1,NA,1,100.0,1038,231,0,0.9
105,70%,unit,26300,41500,15.7,NA,1,100.0,13.0,NA,1,100.0,1918,0.1,16.9,NA,1,100.0,261,<0.1,15.2,NA,1,100.0,0,2.6,20.3,NA,1,100.0,1918,261,0,2.8
107,70%,unit,13590,21240,4.0,NA,1,100.0,3.5,NA,1,100.0,887,<0.1,4.6,NA,1,100.0,223,<0.1,4.1,NA,1,100.0,0,0.6,5.2,NA,1,100.0,887,223,0,0.6
109,70%,unit,66992,90970,33.2,NA,1,100.0,32.9,NA,1,100.0,2767,0.2,59.4,NA,1,100.0,333,0,38.5,NA,1,100.0,0,5.8,65.1,NA,1,100.0,2767,333,0,5.8
111,70%,unit,450,17831,3567.1,5.9,77701,0,3586.5,6.0,44301,0,2492,0.2,3578.9,7.3,1,18.5,81528,2.6,3529.8,6.2,83501,0,1105,0.5,3566.3,6.9,1,18.2,10591,76540,556,2.7
113,70%,unit,26300,41500,13.6,NA,1,100.0,11.5,NA,1,100.0,1822,0.1,15.3,NA,1,100.0,261,0,13.8,NA,1,100.0,0,2.5,18.1,NA,1,100.0,1822,261,0,2.5
115,70%,unit,18096,28281,4.4,NA,1,100.0,3.8,NA,1,100.0,1339,0.1,5.9,NA,1,100.0,238,<0.1,5.7,NA,1,100.0,0,1.4,7.5,NA,1,100.0,1339,238,0,1.4
117,70%,unit,18096,28281,5.7,NA,1,100.0,4.8,NA,1,100.0,1321,0.1,6.7,NA,1,100.0,238,<0.1,6.2,NA,1,100.0,0,1.3,8.2,NA,1,100.0,1321,238,0,1.3
119,70%,unit,18096,28281,6.7,NA,1,100.0,6.0,NA,1,100.0,1284,0.1,7.6,NA,1,100.0,238,0,7.5,NA,1,100.0,0,1.2,9.2,NA,1,100.0,1284,238,0,1.2
121,70%,unit,18096,28281,6.1,NA,1,100.0,6.1,NA,1,100.0,1225,<0.1,8.2,NA,1,100.0,238,0,6.8,NA,1,100.0,0,1.1,9.3,NA,1,100.0,1225,238,0,1.1
123,70%,unit,26300,41500,15.5,NA,1,100.0,15.8,NA,1,100.0,2008,0.1,16.9,NA,1,100.0,261,0,16.7,NA,1,100.0,0,3.1,20.9,NA,1,100.0,2008,261,0,3.3
125,70%,unit,26300,41500,11.9,NA,1,100.0,11.8,NA,1,100.0,2034,0.2,15.0,NA,1,100.0,261,<0.1,14.5,NA,1,100.0,0,3.0,17.2,NA,1,100.0,2034,261,0,3.1
127,70%,unit,18096,28281,6.2,NA,1,100.0,6.5,NA,1,100.0,1382,0.1,8.3,NA,1,100.0,238,0,7.5,NA,1,100.0,0,1.4,9.7,NA,1,100.0,1382,238,0,1.4
129,70%,unit,15783,24663,4.9,NA,1,100.0,4.7,NA,1,100.0,1102,0.1,6.3,NA,1,100.0,231,0,6.5,NA,1,100.0,0,1.0,7.2,NA,1,100.0,1102,231,0,0.9
131,70%,unit,2980,5360,0.4,NA,1,100.0,0.4,NA,1,100.0,236,<0.1,0.4,NA,1,100.0,174,0,0.4,NA,1,100.0,0,<0.1,0.5,NA,1,100.0,236,174,0,<0.1
133,70%,unit,15783,24663,4.7,NA,1,100.0,4.1,NA,1,100.0,1075,0.1,5.7,NA,1,100.0,231,0,4.7,NA,1,100.0,0,0.9,6.4,NA,1,100.0,1075,231,0,0.9
135,70%,unit,26300,41500,12.4,NA,1,100.0,13.2,NA,1,100.0,1981,0.1,17.5,NA,1,100.0,261,0,16.2,NA,1,100.0,0,2.9,20.7,NA,1,100.0,1981,261,0,3.0
137,70%,unit,26300,41500,10.2,NA,1,100.0,9.9,NA,1,100.0,1813,0.1,14.2,NA,1,100.0,261,<0.1,14.1,NA,1,100.0,0,2.5,16.9,NA,1,100.0,1813,261,0,2.7
139,70%,unit,18096,28281,7.5,NA,1,100.0,6.2,NA,1,100.0,1317,0.1,8.3,NA,1,100.0,238,<0.1,7.6,NA,1,100.0,0,1.3,9.8,NA,1,100.0,1317,238,0,1.3
141,70%,unit,18096,28281,4.7,NA,1,100.0,4.7,NA,1,100.0,1117,0.1,6.9,NA,1,100.0,238,0,6.7,NA,1,100.0,0,1.0,8.0,NA,1,100.0,1117,238,0,0.9
143,70%,unit,18096,28281,5.7,NA,1,100.0,4.5,NA,1,100.0,1298,0.1,6.7,NA,1,100.0,238,<0.1,6.2,NA,1,100.0,0,1.5,8.0,NA,1,100.0,1298,238,0,1.3
145,70%,unit,18096,28281,5.9,NA,1,100.0,6.0,NA,1,100.0,1427,0.1,7.7,NA,1,100.0,238,0,8.2,NA,1,100.0,0,1.5,9.7,NA,1,100.0,1427,238,0,1.6
147,70%,unit,18096,28281,7.9,NA,1,100.0,6.4,NA,1,100.0,1206,0.1,8.8,NA,1,100.0,238,0,8.1,NA,1,100.0,0,1.1,9.8,NA,1,100.0,1206,238,0,1.1
149,70%,unit,26300,41500,12.5,NA,1,100.0,12.5,NA,1,100.0,2021,0.2,16.7,NA,1,100.0,261,<0.1,19.2,NA,1,100.0,0,3.5,19.9,NA,1,100.0,2021,261,0,3.1
151,70%,unit,15783,24663,4.0,NA,1,100.0,3.6,NA,1,100.0,1053,0.1,5.1,NA,1,100.0,231,0,4.3,NA,1,100.0,0,0.8,5.9,NA,1,100.0,1053,231,0,0.8
153,70%,unit,29076,45570,11.1,NA,1,100.0,11.1,NA,1,100.0,2066,0.1,16.0,NA,1,100.0,267,<0.1,16.9,NA,1,100.0,0,3.6,18.9,NA,1,100.0,2066,267,0,3.1
155,70%,unit,26300,41500,13.6,NA,1,100.0,11.2,NA,1,100.0,1911,0.1,15.8,NA,1,100.0,261,<0.1,13.8,NA,1,100.0,0,2.6,18.4,NA,1,100.0,1911,261,0,2.8
157,70%,unit,2980,5360,0.4,NA,1,100.0,0.4,NA,1,100.0,255,0,0.5,NA,1,100.0,174,0,0.5,NA,1,100.0,0,<0.1,0.5,NA,1,100.0,255,174,0,0.1
159,70%,unit,18096,28281,7.1,NA,1,100.0,5.9,NA,1,100.0,1164,0.1,8.0,NA,1,100.0,238,<0.1,6.9,NA,1,100.0,0,1.0,9.1,NA,1,100.0,1164,238,0,1.0
161,70%,unit,138141,227241,446.2,NA,1,100.0,440.8,NA,1,100.0,3000,<0.1,509.9,NA,1,100.0,384,<0.1,443.9,NA,1,100.0,0,0,508.3,NA,1,100.0,3000,384,0,<0.1
163,70%,unit,18096,28281,6.5,NA,1,100.0,6.7,NA,1,100.0,1326,0.1,8.6,NA,1,100.0,238,<0.1,9.0,NA,1,100.0,0,1.3,10.0,NA,1,100.0,1326,238,0,1.3
165,70%,unit,18096,28281,4.2,NA,1,100.0,4.3,NA,1,100.0,1340,0.1,6.3,NA,1,100.0,238,0,5.6,NA,1,100.0,0,1.4,7.6,NA,1,100.0,1340,238,0,1.3
167,70%,unit,15783,24663,5.0,NA,1,100.0,4.3,NA,1,100.0,1049,0.1,5.8,NA,1,100.0,231,0,4.9,NA,1,100.0,0,0.8,6.5,NA,1,100.0,1049,231,0,0.8
169,70%,unit,4768,8576,0.8,NA,1,100.0,0.8,NA,1,100.0,394,<0.1,1.0,NA,1,100.0,186,0,1.0,NA,1,100.0,0,0.1,1.1,NA,1,100.0,394,186,0,0.1
171,70%,unit,18096,28281,5.0,NA,1,100.0,4.4,NA,1,100.0,1091,0.1,6.5,NA,1,100.0,238,<0.1,5.2,NA,1,100.0,0,0.9,7.3,NA,1,100.0,1091,238,0,0.9
173,70%,unit,56860,77264,22.4,NA,1,100.0,22.8,NA,1,100.0,2305,0.2,41.9,NA,1,100.0,317,0,26.1,NA,1,100.0,0,3.8,46.6,NA,1,100.0,2305,317,0,4.2
175,70%,unit,3523,6446,0.5,NA,1,100.0,0.5,NA,1,100.0,342,<0.1,0.6,NA,1,100.0,178,0,0.6,NA,1,100.0,0,0.1,0.7,NA,1,100.0,342,178,0,0.1
177,70%,unit,5066,9112,0.8,NA,1,100.0,0.8,NA,1,100.0,429,<0.1,1.0,NA,1,100.0,188,0,1.0,NA,1,100.0,0,0.1,1.1,NA,1,100.0,429,188,0,0.1
179,70%,unit,15783,24663,3.2,NA,1,100.0,3.1,NA,1,100.0,1030,<0.1,4.8,NA,1,100.0,231,<0.1,4.5,NA,1,100.0,0,0.9,5.5,NA,1,100.0,1030,231,0,0.8
181,70%,unit,18096,28281,7.2,NA,1,100.0,6.2,NA,1,100.0,1279,0.1,8.4,NA,1,100.0,238,0,7.3,NA,1,100.0,0,1.2,9.6,NA,1,100.0,1279,238,0,1.2
183,70%,unit,72420,118362,80.8,NA,1,100.0,80.8,NA,1,100.0,3000,<0.1,114.2,NA,1,100.0,349,<0.1,80.8,NA,1,100.0,0,0,114.4,NA,1,100.0,3000,349,0,<0.1
185,70%,unit,3523,6446,0.5,NA,1,100.0,0.5,NA,1,100.0,313,0,0.6,NA,1,100.0,178,0,0.6,NA,1,100.0,0,0.1,0.7,NA,1,100.0,313,178,0,0.1
187,70%,unit,4227,7734,0.7,NA,1,100.0,0.7,NA,1,100.0,411,<0.1,0.8,NA,1,100.0,183,0,0.8,NA,1,100.0,0,0.1,0.9,NA,1,100.0,411,183,0,0.2
189,70%,unit,7400,13600,1.7,NA,1,100.0,1.7,NA,1,100.0,714,<0.1,2.1,NA,1,100.0,201,<0.1,2.3,NA,1,100.0,0,0.4,2.5,NA,1,100.0,714,201,0,0.4
191,70%,unit,4579,8378,0.8,NA,1,100.0,0.8,NA,1,100.0,394,<0.1,0.9,NA,1,100.0,185,0,0.9,NA,1,100.0,0,0.1,1.1,NA,1,100.0,394,185,0,0.1
193,70%,unit,7030,12920,1.5,NA,1,100.0,1.5,NA,1,100.0,620,<0.1,1.8,NA,1,100.0,199,0,1.9,NA,1,100.0,0,0.3,2.1,NA,1,100.0,620,199,0,0.3
195,70%,unit,1150,81068,3564.3,8.8,7320,0,3589.9,8.8,8747,0,5284,0.1,3591.4,8.3,1,2.4,14756,0.5,3570.7,8.8,7455,0,690,0.8,3582.9,8.4,1,1.7,10568,44051,690,2.9
197,70%,unit,1534,127011,3547.2,8.7,8701,0,3517.7,8.7,7181,0,6684,0.1,3505.1,8.7,8201,0,948,<0.1,3555.5,8.7,8901,0,922,1.5,3516.3,8.5,1,0.1,10026,236289,922,12.5
199,70%,unit,1534,126163,3548.0,8.7,7285,0,3544.4,8.6,6006,0,6668,0.1,3530.2,8.7,9501,0,948,<0.1,3515.7,8.8,9414,0,3730,6.9,3490.1,8.5,1,0,10002,208758,6476,20.8
1,20%,nonunit,6160,40207,4.4,NA,1,100.0,3.7,NA,1,100.0,45,0,5.6,NA,1,100.0,7,0.1,4.6,NA,1,100.0,0,0,4.9,NA,1,100.0,45,5,0,<0.1
3,20%,nonunit,60541,48418,11.7,NA,1,100.0,11.9,NA,1,100.0,0,0,18.8,NA,1,100.0,0,0,11.8,NA,1,100.0,0,0,18.8,NA,1,100.0,0,0,0,0
5,20%,nonunit,200,798,0.1,NA,1,100.0,0.1,NA,1,100.0,2,0,0.1,NA,1,100.0,2,0,0.1,NA,1,100.0,0,0,0.1,NA,1,100.0,2,2,0,<0.1
7,20%,nonunit,8794,10121,1.2,NA,1,100.0,1.2,NA,1,100.0,29,0,1.6,NA,1,100.0,16,0,1.2,NA,1,100.0,0,0,1.6,NA,1,100.0,29,16,0,0
9,20%,nonunit,38452,174645,3548.1,0.9,4902,78.5,3468.0,1.1,3401,79.0,12000,<0.1,3564.3,1.2,1,82.0,6009,8.0,3518.9,0.9,4748,78.5,0,<0.1,3562.4,1.2,1,82.9,12000,5641,0,5.6
11,20%,nonunit,9877,25973,3438.5,0.1,206580,78.8,3366.9,<0.1,164606,86.2,7878,0.8,3370.4,<0.1,194319,83.8,256,0.6,3515.4,0.1,197340,78.8,0,0.5,3387.6,<0.1,172443,87.6,7741,238,0,1.4
13,20%,nonunit,45307,36697,6.6,NA,1,100.0,6.6,NA,1,100.0,0,0,9.7,NA,1,100.0,0,0,6.7,NA,1,100.0,0,0,9.4,NA,1,100.0,0,0,0,0
15,20%,nonunit,53610,42940,9.0,NA,1,100.0,9.2,NA,1,100.0,0,0,13.1,NA,1,100.0,0,0,9.2,NA,1,100.0,0,0,13.1,NA,1,100.0,0,0,0,0
17,20%,nonunit,23541,34233,9.5,NA,1,100.0,9.6,NA,1,100.0,450,0,13.6,NA,1,100.0,252,<0.1,10.4,NA,1,100.0,0,0.1,12.3,NA,1,100.0,450,252,0,0.1
19,20%,nonunit,200,862,0.1,NA,1,100.0,0.1,NA,1,100.0,40,0,0.1,NA,1,100.0,13,0,0.1,NA,1,100.0,23,0,0.1,NA,1,100.0,40,13,23,<0.1
21,20%,nonunit,24765,19655,2.0,NA,1,100.0,2.1,NA,1,100.0,0,0,3.0,NA,1,100.0,0,0,2.1,NA,1,100.0,0,0,3.0,NA,1,100.0,0,0,0,0
23,20%,nonunit,27717,133665,3546.1,1.6,1090,70.7,3574.7,1.7,601,71.8,12000,<0.1,3590.8,1.5,1,75.2,5876,2.3,3567.5,1.6,1062,70.7,0,0,3580.9,1.7,1,75.2,12000,5012,0,4.7
25,20%,nonunit,23194,18295,1.8,NA,1,100.0,1.8,NA,1,100.0,0,0,2.6,NA,1,100.0,0,0,1.8,NA,1,100.0,0,0,2.6,NA,1,100.0,0,0,0,0
27,20%,nonunit,65866,52435,13.6,NA,1,100.0,13.5,NA,1,100.0,0,0,21.4,NA,1,100.0,0,0,13.4,NA,1,100.0,0,0,21.9,NA,1,100.0,0,0,0,0
29,20%,nonunit,13431,16234,3.5,NA,1,100.0,3.6,NA,1,100.0,53,<0.1,4.3,NA,1,100.0,44,<0.1,3.5,NA,1,100.0,0,0,4.3,NA,1,100.0,53,44,0,<0.1
31,20%,nonunit,200,813,0.2,NA,1,100.0,0.1,NA,1,100.0,56,0,0.1,NA,1,100.0,30,0,0.2,NA,1,100.0,76,<0.1,0.1,NA,1,100.0,56,30,64,0
33,20%,nonunit,4410,6885,0.7,NA,1,100.0,0.7,NA,1,100.0,32,<0.1,0.8,NA,1,100.0,27,0,0.7,NA,1,100.0,0,0,0.8,NA,1,100.0,32,27,0,0
35,20%,nonunit,200,864,0.4,NA,5,86.3,0.1,NA,1,100.0,45,0,0.1,NA,1,100.0,14,0,0.4,NA,5,86.3,36,0,0.1,NA,1,100.0,45,14,37,<0.1
37,20%,nonunit,198,808,0.1,NA,1,100.0,0.1,NA,1,100.0,15,0,0.1,NA,1,100.0,15,0,0.1,NA,1,100.0,0,0,0.1,NA,1,100.0,15,15,0,0
39,20%,nonunit,6795,10620,1.1,NA,1,100.0,1.1,NA,1,100.0,43,0,1.4,NA,1,100.0,43,0,1.1,NA,1,100.0,0,<0.1,1.4,NA,1,100.0,43,43,0,<0.1
41,20%,nonunit,200,1023,0.1,NA,1,100.0,0.1,NA,1,100.0,35,0,0.1,NA,1,100.0,5,0,0.1,NA,1,100.0,0,0,0.1,NA,1,100.0,35,5,0,0
43,20%,nonunit,200,841,0.1,NA,1,100.0,0.1,NA,1,100.0,17,0,0.1,NA,1,100.0,11,0,0.1,NA,1,100.0,1,0,0.1,NA,1,100.0,17,11,1,0
45,20%,nonunit,200,1020,0.3,NA,1,100.0,0.1,NA,1,100.0,134,<0.1,0.2,NA,1,100.0,40,0,0.2,NA,1,100.0,78,0,0.2,NA,1,100.0,186,37,30,<0.1
47,20%,nonunit,200,1093,0.2,NA,1,100.0,0.2,NA,1,100.0,38,0,0.1,NA,1,100.0,86,0,0.2,NA,1,100.0,0,0,0.1,NA,1,100.0,0,86,0,0
49,20%,nonunit,200,933,<0.1,NA,1,100.0,<0.1,NA,1,100.0,0,0,<0.1,NA,1,100.0,0,0,<0.1,NA,1,100.0,0,0,<0.1,NA,1,100.0,0,0,0,0
51,20%,nonunit,200,1098,0.1,NA,1,100.0,0.1,NA,1,100.0,57,<0.1,0.1,NA,1,100.0,36,0,0.1,NA,1,100.0,106,0,0.1,NA,1,100.0,57,35,61,<0.1
53,20%,nonunit,200,1026,0.2,NA,1,100.0,0.1,NA,1,100.0,81,0,0.1,NA,1,100.0,30,0,0.2,NA,1,100.0,65,<0.1,0.1,NA,1,100.0,81,30,68,<0.1
55,20%,nonunit,200,938,0.1,NA,1,100.0,0.1,NA,1,100.0,68,0,0.1,NA,1,100.0,30,0,0.1,NA,1,100.0,57,<0.1,0.1,NA,1,100.0,68,30,56,<0.1
57,20%,nonunit,200,1160,0.2,NA,1,100.0,0.2,NA,1,100.0,97,0,0.2,NA,1,100.0,44,0,0.2,NA,1,100.0,0,0,0.2,NA,1,100.0,97,44,0,0
59,20%,nonunit,200,961,<0.1,NA,1,100.0,<0.1,NA,1,100.0,0,0,<0.1,NA,1,100.0,0,0,<0.1,NA,1,100.0,0,0,<0.1,NA,1,100.0,0,0,0,0
61,20%,nonunit,200,931,0.1,NA,1,100.0,0.1,NA,1,100.0,75,0,0.2,NA,1,100.0,19,0,0.1,NA,1,100.0,82,<0.1,0.1,NA,1,100.0,75,19,78,<0.1
63,20%,nonunit,200,1011,0.1,NA,1,100.0,0.1,NA,1,100.0,45,<0.1,0.2,NA,1,100.0,17,0,0.1,NA,1,100.0,0,0,0.1,NA,1,100.0,45,17,0,<0.1
65,20%,nonunit,200,1011,0.1,NA,1,100.0,0.1,NA,1,100.0,13,0,0.1,NA,1,100.0,0,0,0.1,NA,1,100.0,0,0,0.1,NA,1,100.0,13,0,0,0
67,20%,nonunit,200,1174,0.1,NA,1,100.0,0.1,NA,1,100.0,48,0,0.1,NA,1,100.0,25,0,0.2,NA,1,100.0,55,0,0.1,NA,1,100.0,48,25,55,0
69,20%,nonunit,200,1083,0.1,NA,1,100.0,0.1,NA,1,100.0,0,0,0.1,NA,1,100.0,0,0,0.1,NA,1,100.0,0,0,0.1,NA,1,100.0,0,0,0,0
71,20%,nonunit,200,952,0.1,NA,1,100.0,0.1,NA,1,100.0,39,0,0.1,NA,1,100.0,39,0,0.2,NA,1,100.0,0,0,0.1,NA,1,100.0,39,39,0,0
73,20%,nonunit,200,1078,0.1,NA,1,100.0,0.1,NA,1,100.0,29,0,0.1,NA,1,100.0,22,0,0.1,NA,1,100.0,67,0,0.1,NA,1,100.0,29,22,40,0
75,20%,nonunit,26300,41500,9.1,NA,1,100.0,9.1,NA,1,100.0,221,0,13.3,NA,1,100.0,221,<0.1,9.2,NA,1,100.0,0,<0.1,13.3,NA,1,100.0,221,221,0,0.1
77,20%,nonunit,200,961,<0.1,NA,1,100.0,<0.1,NA,1,100.0,0,0,<0.1,NA,1,100.0,0,0,<0.1,NA,1,100.0,0,0,<0.1,NA,1,100.0,0,0,0,0
79,20%,nonunit,26300,41500,9.9,NA,1,100.0,9.8,NA,1,100.0,216,<0.1,14.2,NA,1,100.0,216,<0.1,9.9,NA,1,100.0,0,<0.1,13.8,NA,1,100.0,216,216,0,0.1
81,20%,nonunit,199,1091,0.1,NA,1,100.0,0.1,NA,1,100.0,25,0,0.1,NA,1,100.0,12,0,0.1,NA,1,100.0,0,0,0.1,NA,1,100.0,25,12,0,<0.1
83,20%,nonunit,200,1172,0.2,NA,1,100.0,0.1,NA,1,100.0,68,0,0.1,NA,1,100.0,28,0,0.2,NA,1,100.0,87,<0.1,0.1,NA,1,100.0,68,28,56,<0.1
85,20%,nonunit,11470,17408,2.8,NA,1,100.0,2.8,NA,1,100.0,76,0,3.6,NA,1,100.0,76,<0.1,2.9,NA,1,100.0,0,0,3.6,NA,1,100.0,76,76,0,<0.1
87,20%,nonunit,13590,21240,4.5,NA,1,100.0,4.4,NA,1,100.0,91,<0.1,5.6,NA,1,100.0,91,<0.1,4.5,NA,1,100.0,0,0,5.6,NA,1,100.0,91,91,0,<0.1
89,20%,nonunit,57316,77978,32.4,NA,1,100.0,31.7,NA,1,100.0,817,<0.1,50.9,NA,1,100.0,381,<0.1,32.1,NA,1,100.0,0,0.7,53.8,NA,1,100.0,817,372,0,0.8
91,20%,nonunit,200,1163,0.2,NA,1,100.0,0.1,NA,1,100.0,94,<0.1,0.1,NA,1,100.0,43,0,0.2,NA,1,100.0,123,0,0.1,NA,1,100.0,94,43,66,<0.1
93,20%,nonunit,200,1162,0.1,NA,1,100.0,0.1,NA,1,100.0,26,0,0.1,NA,1,100.0,5,0,0.1,NA,1,100.0,3,0,0.1,NA,1,100.0,26,5,3,0
95,20%,nonunit,15783,24663,5.3,NA,1,100.0,5.3,NA,1,100.0,97,<0.1,6.9,NA,1,100.0,97,<0.1,5.3,NA,1,100.0,0,<0.1,6.9,NA,1,100.0,97,97,0,<0.1
97,20%,nonunit,18096,28281,4.5,NA,1,100.0,4.5,NA,1,100.0,113,<0.1,6.7,NA,1,100.0,113,<0.1,4.5,NA,1,100.0,0,0,6.7,NA,1,100.0,113,113,0,<0.1
99,20%,nonunit,26300,41500,9.6,NA,1,100.0,9.6,NA,1,100.0,213,0,14.0,NA,1,100.0,213,<0.1,9.7,NA,1,100.0,0,<0.1,14.0,NA,1,100.0,213,213,0,0.1
101,20%,nonunit,26300,41500,9.9,NA,1,100.0,9.8,NA,1,100.0,212,0,14.0,NA,1,100.0,212,<0.1,10.0,NA,1,100.0,0,<0.1,14.1,NA,1,100.0,212,210,0,0.1
103,20%,nonunit,15783,24663,5.9,NA,1,100.0,5.5,NA,1,100.0,103,<0.1,7.2,NA,1,100.0,103,<0.1,5.6,NA,1,100.0,0,0,7.4,NA,1,100.0,103,103,0,0.1
105,20%,nonunit,26300,41500,10.7,NA,1,100.0,10.0,NA,1,100.0,215,<0.1,14.8,NA,1,100.0,215,0.1,10.0,NA,1,100.0,0,<0.1,14.5,NA,1,100.0,215,215,0,0.1
107,20%,nonunit,13590,21240,4.2,NA,1,100.0,4.3,NA,1,100.0,91,0,5.4,NA,1,100.0,91,<0.1,4.2,NA,1,100.0,0,0,5.3,NA,1,100.0,91,91,0,0.1
109,20%,nonunit,66992,90970,42.3,NA,1,100.0,42.4,NA,1,100.0,1129,0.1,68.2,NA,1,100.0,454,0.1,43.7,NA,1,100.0,0,1.2,69.8,NA,1,100.0,1129,424,0,1.3
111,20%,nonunit,450,17831,3561.6,1.6,21141,71.4,3519.4,1.1,9889,78.6,10591,<0.1,3530.4,3.7,1,84.2,109564,3.5,3511.5,1.6,17827,70.0,2549,0.7,3564.8,3.4,1,90.4,10591,91848,361,3.1
113,20%,nonunit,26300,41500,9.0,NA,1,100.0,11.2,NA,1,100.0,213,<0.1,13.5,NA,1,100.0,213,<0.1,9.4,NA,1,100.0,0,<0.1,14.6,NA,1,100.0,213,213,0,0.1
115,20%,nonunit,18096,28281,4.7,NA,1,100.0,5.2,NA,1,100.0,104,<0.1,7.1,NA,1,100.0,104,0.1,4.8,NA,1,100.0,0,<0.1,6.9,NA,1,100.0,104,104,0,<0.1
117,20%,nonunit,18096,28281,5.0,NA,1,100.0,4.7,NA,1,100.0,111,0,6.9,NA,1,100.0,111,<0.1,6.0,NA,1,100.0,0,<0.1,6.9,NA,1,100.0,111,111,0,<0.1
119,20%,nonunit,18096,28281,5.8,NA,1,100.0,4.8,NA,1,100.0,105,0,6.8,NA,1,100.0,105,<0.1,5.4,NA,1,100.0,0,<0.1,7.0,NA,1,100.0,105,105,0,<0.1
121,20%,nonunit,18096,28281,4.9,NA,1,100.0,4.8,NA,1,100.0,103,0,7.0,NA,1,100.0,103,0.1,4.8,NA,1,100.0,0,<0.1,7.8,NA,1,100.0,103,103,0,<0.1
123,20%,nonunit,26300,41500,9.7,NA,1,100.0,12.5,NA,1,100.0,213,0,14.2,NA,1,100.0,213,<0.1,9.0,NA,1,100.0,0,<0.1,14.1,NA,1,100.0,213,213,0,0.1
125,20%,nonunit,26300,41500,11.6,NA,1,100.0,10.6,NA,1,100.0,221,0,15.5,NA,1,100.0,221,<0.1,10.3,NA,1,100.0,0,<0.1,15.5,NA,1,100.0,221,221,0,0.1
127,20%,nonunit,18096,28281,5.3,NA,1,100.0,5.0,NA,1,100.0,105,<0.1,7.0,NA,1,100.0,105,0.1,5.3,NA,1,100.0,0,0,7.1,NA,1,100.0,105,104,0,<0.1
129,20%,nonunit,15783,24663,5.4,NA,1,100.0,5.5,NA,1,100.0,109,<0.1,7.8,NA,1,100.0,109,0.1,5.4,NA,1,100.0,0,<0.1,7.2,NA,1,100.0,109,109,0,<0.1
131,20%,nonunit,2980,5360,0.4,NA,1,100.0,0.4,NA,1,100.0,14,0,0.5,NA,1,100.0,14,0,0.4,NA,1,100.0,0,0,0.5,NA,1,100.0,14,14,0,0
133,20%,nonunit,15783,24663,5.6,NA,1,100.0,5.5,NA,1,100.0,94,0,8.0,NA,1,100.0,94,<0.1,5.6,NA,1,100.0,0,0,7.0,NA,1,100.0,94,94,0,<0.1
135,20%,nonunit,26300,41500,10.9,NA,1,100.0,10.9,NA,1,100.0,220,<0.1,17.2,NA,1,100.0,220,0.1,10.4,NA,1,100.0,0,<0.1,14.1,NA,1,100.0,220,220,0,0.1
137,20%,nonunit,26300,41500,10.8,NA,1,100.0,11.2,NA,1,100.0,216,<0.1,16.6,NA,1,100.0,216,0.1,10.8,NA,1,100.0,0,<0.1,14.9,NA,1,100.0,216,216,0,0.1
139,20%,nonunit,18096,28281,4.9,NA,1,100.0,4.7,NA,1,100.0,104,<0.1,7.5,NA,1,100.0,104,<0.1,4.8,NA,1,100.0,0,<0.1,6.9,NA,1,100.0,104,104,0,<0.1
141,20%,nonunit,18096,28281,5.2,NA,1,100.0,4.8,NA,1,100.0,113,0,7.4,NA,1,100.0,113,<0.1,5.0,NA,1,100.0,0,<0.1,7.0,NA,1,100.0,113,113,0,<0.1
143,20%,nonunit,18096,28281,5.1,NA,1,100.0,5.2,NA,1,100.0,106,0,8.9,NA,1,100.0,106,<0.1,5.0,NA,1,100.0,0,0,7.1,NA,1,100.0,106,105,0,<0.1
145,20%,nonunit,18096,28281,5.2,NA,1,100.0,5.0,NA,1,100.0,107,<0.1,8.8,NA,1,100.0,107,<0.1,5.4,NA,1,100.0,0,<0.1,7.2,NA,1,100.0,107,106,0,<0.1
147,20%,nonunit,18096,28281,5.6,NA,1,100.0,5.1,NA,1,100.0,103,<0.1,8.8,NA,1,100.0,103,<0.1,5.2,NA,1,100.0,0,0,7.0,NA,1,100.0,103,102,0,<0.1
149,20%,nonunit,26300,41500,11.7,NA,1,100.0,10.5,NA,1,100.0,225,<0.1,19.8,NA,1,100.0,225,<0.1,11.0,NA,1,100.0,0,<0.1,15.1,NA,1,100.0,225,225,0,0.1
151,20%,nonunit,15783,24663,5.5,NA,1,100.0,5.5,NA,1,100.0,101,0,7.6,NA,1,100.0,101,0.1,5.5,NA,1,100.0,0,<0.1,6.9,NA,1,100.0,101,101,0,<0.1
153,20%,nonunit,29076,45570,12.2,NA,1,100.0,11.4,NA,1,100.0,211,<0.1,23.2,NA,1,100.0,211,0.1,12.5,NA,1,100.0,0,<0.1,17.0,NA,1,100.0,211,209,0,0.1
155,20%,nonunit,26300,41500,9.7,NA,1,100.0,9.1,NA,1,100.0,216,0,13.5,NA,1,100.0,216,<0.1,9.4,NA,1,100.0,0,<0.1,13.7,NA,1,100.0,216,216,0,0.1
157,20%,nonunit,2980,5360,0.4,NA,1,100.0,0.4,NA,1,100.0,10,0,0.5,NA,1,100.0,10,0,0.4,NA,1,100.0,0,0,0.5,NA,1,100.0,10,10,0,0
159,20%,nonunit,18096,28281,4.9,NA,1,100.0,4.8,NA,1,100.0,106,<0.1,8.8,NA,1,100.0,106,<0.1,5.2,NA,1,100.0,0,<0.1,7.0,NA,1,100.0,106,106,0,<0.1
161,20%,nonunit,138141,227241,198.0,NA,1,100.0,192.4,NA,1,100.0,857,0.1,259.7,NA,1,100.0,410,0.1,200.5,NA,1,100.0,0,0.8,260.6,NA,1,100.0,857,409,0,1.0
163,20%,nonunit,18096,28281,5.1,NA,1,100.0,4.8,NA,1,100.0,110,0,8.3,NA,1,100.0,110,<0.1,5.0,NA,1,100.0,0,0,6.9,NA,1,100.0,110,110,0,<0.1
165,20%,nonunit,18096,28281,4.4,NA,1,100.0,4.4,NA,1,100.0,108,0,6.6,NA,1,100.0,108,0.1,4.3,NA,1,100.0,0,0,6.4,NA,1,100.0,108,108,0,<0.1
167,20%,nonunit,15783,24663,5.7,NA,1,100.0,5.7,NA,1,100.0,103,<0.1,9.9,NA,1,100.0,103,<0.1,5.7,NA,1,100.0,0,<0.1,7.2,NA,1,100.0,103,101,0,<0.1
169,20%,nonunit,4768,8576,0.7,NA,1,100.0,0.6,NA,1,100.0,20,0,0.9,NA,1,100.0,20,0,0.6,NA,1,100.0,0,0,0.8,NA,1,100.0,20,20,0,0
171,20%,nonunit,18096,28281,5.3,NA,1,100.0,4.9,NA,1,100.0,109,0,8.1,NA,1,100.0,109,0.1,4.9,NA,1,100.0,0,<0.1,8.2,NA,1,100.0,109,109,0,<0.1
173,20%,nonunit,56860,77264,30.5,NA,1,100.0,30.6,NA,1,100.0,908,<0.1,49.9,NA,1,100.0,396,0.1,31.0,NA,1,100.0,0,0.8,50.1,NA,1,100.0,908,384,0,0.8
175,20%,nonunit,3523,6446,0.4,NA,1,100.0,0.4,NA,1,100.0,15,<0.1,0.6,NA,1,100.0,15,0,0.4,NA,1,100.0,0,0,0.5,NA,1,100.0,15,15,0,0
177,20%,nonunit,5066,9112,0.9,NA,1,100.0,0.9,NA,1,100.0,15,0,1.2,NA,1,100.0,15,0,0.9,NA,1,100.0,0,0,1.1,NA,1,100.0,15,15,0,0
179,20%,nonunit,15783,24663,5.9,NA,1,100.0,5.6,NA,1,100.0,99,<0.1,8.6,NA,1,100.0,99,<0.1,5.8,NA,1,100.0,0,<0.1,7.7,NA,1,100.0,99,97,0,<0.1
181,20%,nonunit,18096,28281,5.0,NA,1,100.0,4.8,NA,1,100.0,104,0,8.6,NA,1,100.0,104,<0.1,5.2,NA,1,100.0,0,<0.1,7.2,NA,1,100.0,104,103,0,<0.1
183,20%,nonunit,72420,118362,46.0,NA,1,100.0,46.1,NA,1,100.0,279,<0.1,79.3,NA,1,100.0,278,0.1,53.4,NA,1,100.0,0,0.1,79.4,NA,1,100.0,279,277,0,0.2
185,20%,nonunit,3523,6446,0.5,NA,1,100.0,0.5,NA,1,100.0,20,0,0.7,NA,1,100.0,20,0,0.5,NA,1,100.0,0,0,0.6,NA,1,100.0,20,20,0,0
187,20%,nonunit,4227,7734,1.0,NA,1,100.0,0.9,NA,1,100.0,22,<0.1,1.2,NA,1,100.0,22,0,1.0,NA,1,100.0,0,<0.1,1.1,NA,1,100.0,22,22,0,0
189,20%,nonunit,7400,13600,1.8,NA,1,100.0,1.7,NA,1,100.0,45,0,2.4,NA,1,100.0,45,<0.1,1.8,NA,1,100.0,0,0,2.2,NA,1,100.0,45,45,0,<0.1
191,20%,nonunit,4579,8378,1.1,NA,1,100.0,1.1,NA,1,100.0,38,0,1.4,NA,1,100.0,38,0,1.1,NA,1,100.0,0,0,1.3,NA,1,100.0,38,36,0,0
193,20%,nonunit,7030,12920,1.5,NA,1,100.0,1.5,NA,1,100.0,37,0,2.2,NA,1,100.0,37,<0.1,1.5,NA,1,100.0,0,0,1.9,NA,1,100.0,37,37,0,0
195,20%,nonunit,1150,81068,3591.5,6.4,118,39.6,3582.6,5.5,111,42.0,10568,<0.1,3589.5,6.6,1,38.6,7161,0.2,3584.7,6.6,67,38.8,8249,9.1,3584.0,6.2,1,43.5,10568,6076,925,0.9
197,20%,nonunit,1534,127011,3591.6,6.3,8,39.1,3591.7,7.6,1,40.4,10026,<0.1,3591.5,5.3,1,35.8,7110,0.2,3591.5,6.7,1,35.6,8243,10.6,3591.6,5.6,1,34.0,10026,4977,1230,1.4
199,20%,nonunit,1534,126163,3591.5,5.3,1,39.1,3591.6,6.1,1,39.7,10002,<0.1,3591.5,6.8,1,32.5,7110,0.2,3591.6,8.0,1,23.4,11920,18.9,3591.5,9.5,1,28.8,10002,3555,1228,1.5
1,30%,nonunit,6160,40207,8.9,NA,1,100.0,7.7,NA,1,100.0,2237,<0.1,10.9,NA,1,100.0,244,0.1,8.1,NA,1,100.0,0,<0.1,8.2,NA,1,100.0,2242,227,0,0.1
3,30%,nonunit,60541,48418,11.9,NA,1,100.0,11.6,NA,1,100.0,0,0,18.7,NA,1,100.0,0,0,11.7,NA,1,100.0,0,0,18.9,NA,1,100.0,0,0,0,0
5,30%,nonunit,200,798,0.5,NA,1,100.0,0.2,NA,1,100.0,226,0,0.3,NA,1,100.0,47,0,0.6,NA,3,99.7,139,<0.1,0.2,NA,1,100.0,202,36,97,<0.1
7,30%,nonunit,8794,10121,1.9,NA,1,100.0,1.5,NA,1,100.0,67,0,1.8,NA,1,100.0,25,0,1.9,NA,1,100.0,0,0,1.8,NA,1,100.0,67,25,0,0
9,30%,nonunit,38452,174645,3539.0,0.4,5374,88.5,3496.9,0.4,6403,87.9,12000,0.1,3437.9,6.2,1,94.5,12678,12.7,3537.8,0.4,5301,88.5,0,<0.1,3559.4,6.7,1,94.6,12000,12517,0,14.8
11,30%,nonunit,9877,25973,3402.4,<0.1,185083,90.2,3427.4,<0.1,199039,92.3,7769,0.6,3482.3,<0.1,183901,91.1,387,0.5,3394.0,<0.1,182954,90.2,0,0.7,337.6,NA,12165,95.3,10118,1231,0,5.3
13,30%,nonunit,45307,36697,7.6,NA,1,100.0,7.8,NA,1,100.0,0,0,10.9,NA,1,100.0,0,0,7.9,NA,1,100.0,0,0,10.5,NA,1,100.0,0,0,0,0
15,30%,nonunit,53610,42940,9.4,NA,1,100.0,9.3,NA,1,100.0,0,0,13.7,NA,1,100.0,0,0,9.1,NA,1,100.0,0,0,13.1,NA,1,100.0,0,0,0,0
17,30%,nonunit,23541,34233,18.2,NA,1,100.0,17.8,NA,1,100.0,915,<0.1,21.2,NA,1,100.0,277,<0.1,18.4,NA,1,100.0,0,0.3,21.3,NA,1,100.0,915,254,0,0.4
19,30%,nonunit,200,862,0.9,NA,1,100.0,0.5,NA,1,100.0,156,<0.1,0.6,NA,1,100.0,79,0,0.8,NA,1,100.0,324,0.1,0.5,NA,1,100.0,171,66,113,<0.1
21,30%,nonunit,24765,19655,2.2,NA,1,100.0,2.3,NA,1,100.0,0,0,3.4,NA,1,100.0,0,0,2.2,NA,1,100.0,0,0,3.2,NA,1,100.0,0,0,0,0
23,30%,nonunit,27717,133665,3574.7,0.6,12937,84.0,3563.2,0.6,13301,83.6,12000,0.1,3569.6,0.3,1,92.9,14356,10.8,3582.7,0.6,12603,84.0,0,<0.1,3566.3,0.4,1,92.9,12000,13749,0,10.5
25,30%,nonunit,23194,18295,2.1,NA,1,100.0,1.9,NA,1,100.0,0,0,2.7,NA,1,100.0,0,0,2.1,NA,1,100.0,0,0,2.9,NA,1,100.0,0,0,0,0
27,30%,nonunit,65866,52435,13.7,NA,1,100.0,13.5,NA,1,100.0,0,0,21.3,NA,1,100.0,0,0,13.7,NA,1,100.0,0,0,21.9,NA,1,100.0,0,0,0,0
29,30%,nonunit,13431,16234,4.9,NA,1,100.0,3.4,NA,1,100.0,87,0,5.7,NA,1,100.0,65,0,5.0,NA,1,100.0,0,0,4.2,NA,1,100.0,87,65,0,<0.1
31,30%,nonunit,200,813,1.5,NA,18,98.1,0.3,NA,1,100.0,329,<0.1,0.3,NA,1,100.0,115,0,1.3,NA,5,99.2,225,<0.1,0.3,NA,1,100.0,317,91,211,0.1
33,30%,nonunit,4410,6885,1.4,NA,1,100.0,1.4,NA,1,100.0,188,0,1.5,NA,1,100.0,188,0,1.3,NA,1,100.0,0,<0.1,1.5,NA,1,100.0,188,180,0,<0.1
35,30%,nonunit,200,864,1.9,NA,181,88.0,1.9,NA,47,96.2,546,0.1,1.4,NA,25,93.1,77,0,2.0,NA,111,86.6,313,0.1,1.9,NA,31,96.2,542,61,208,0.2
37,30%,nonunit,198,808,1.8,NA,73,89.0,1.1,NA,7,97.3,575,0.1,1.7,NA,62,89.4,48,0,1.8,NA,77,88.8,110,<0.1,1.3,NA,8,98.0,506,39,210,0.1
39,30%,nonunit,6795,10620,2.1,NA,1,100.0,2.1,NA,1,100.0,282,<0.1,2.5,NA,1,100.0,246,<0.1,2.2,NA,1,100.0,0,0.1,2.5,NA,1,100.0,282,239,0,<0.1
41,30%,nonunit,200,1023,0.5,NA,1,100.0,0.2,NA,1,100.0,223,<0.1,0.2,NA,1,100.0,135,0,0.5,NA,1,100.0,118,<0.1,0.3,NA,1,100.0,211,125,118,<0.1
43,30%,nonunit,200,841,0.4,NA,1,100.0,0.2,NA,1,100.0,139,<0.1,0.2,NA,1,100.0,129,<0.1,0.7,NA,1,100.0,208,<0.1,0.2,NA,1,100.0,170,136,110,<0.1
45,30%,nonunit,200,1020,2.1,NA,31,94.1,1.0,NA,5,97.5,315,0.1,1.2,NA,7,96.5,130,0,1.9,NA,14,94.6,116,<0.1,1.4,NA,9,96.9,319,107,116,0.2
47,30%,nonunit,200,1093,2.9,NA,154,87.2,1.4,NA,6,98.5,489,0.2,1.9,NA,24,95.8,165,0,3.5,NA,172,85.4,351,0.1,1.2,NA,6,99.1,432,125,201,0.2
49,30%,nonunit,200,933,0.2,NA,1,100.0,0.1,NA,1,100.0,87,0,0.1,NA,1,100.0,50,0,0.2,NA,1,100.0,92,<0.1,0.1,NA,1,100.0,87,50,89,<0.1
51,30%,nonunit,200,1098,3.4,NA,276,86.9,1.6,NA,10,98.4,623,0.2,2.1,NA,48,93.9,174,<0.1,3.4,NA,295,87.9,357,0.1,1.5,NA,11,98.6,615,128,197,0.2
53,30%,nonunit,200,1026,2.4,NA,46,93.4,1.0,NA,6,99.7,329,0.1,1.6,NA,28,95.7,117,0,2.2,NA,39,94.8,231,<0.1,1.1,NA,5,99.2,342,93,118,0.1
55,30%,nonunit,200,938,1.1,NA,6,97.5,0.6,NA,1,100.0,309,0.1,0.5,NA,1,100.0,109,0,1.1,NA,4,98.8,436,0.1,0.6,NA,3,99.5,279,80,113,0.1
57,30%,nonunit,200,1160,2.0,NA,11,93.9,1.1,NA,5,99.4,424,0.1,1.2,NA,5,98.9,213,0,2.0,NA,11,94.5,453,0.1,1.1,NA,6,99.6,365,161,116,0.2
59,30%,nonunit,200,961,1.1,NA,7,96.7,0.8,NA,4,98.8,268,0.2,1.0,NA,9,98.2,109,0,1.7,NA,20,95.2,202,<0.1,0.6,NA,1,100.0,318,80,104,0.1
61,30%,nonunit,200,931,1.8,NA,27,94.3,0.8,NA,6,98.5,336,0.1,1.3,NA,9,97.7,92,0,1.9,NA,35,94.6,141,<0.1,1.1,NA,6,98.3,379,83,110,0.1
63,30%,nonunit,200,1011,1.2,NA,10,95.1,0.4,NA,1,100.0,260,<0.1,1.2,NA,47,94.4,86,0,1.4,NA,25,93.5,182,<0.1,0.6,NA,1,100.0,306,64,168,0.1
65,30%,nonunit,200,1011,1.4,NA,10,95.1,0.8,NA,4,99.1,363,0.1,1.0,NA,5,97.5,110,0,1.6,NA,9,95.7,315,0.1,0.9,NA,4,98.9,336,74,116,0.1
67,30%,nonunit,200,1174,1.9,NA,13,95.7,0.8,NA,4,99.1,345,0.1,0.9,NA,1,100.0,142,0,1.5,NA,7,98.3,136,<0.1,1.1,NA,1,100.0,388,126,114,0.1
69,30%,nonunit,200,1083,0.7,NA,3,99.4,0.4,NA,1,100.0,159,<0.1,0.4,NA,1,100.0,139,<0.1,1.0,NA,6,99.1,226,<0.1,0.4,NA,1,100.0,158,131,114,0.1
71,30%,nonunit,200,952,2.5,NA,93,87.5,1.8,NA,29,96.5,480,0.2,2.3,NA,42,94.1,119,0,2.9,NA,116,89.0,256,0.1,1.8,NA,12,97.6,487,75,227,0.2
73,30%,nonunit,200,1078,0.3,NA,1,100.0,0.1,NA,1,100.0,133,0,0.1,NA,1,100.0,96,0,0.3,NA,1,100.0,228,<0.1,0.2,NA,1,100.0,133,96,116,<0.1
75,30%,nonunit,26300,41500,23.9,NA,1,100.0,24.6,NA,1,100.0,1269,0.1,27.9,NA,1,100.0,514,<0.1,25.3,NA,1,100.0,0,1.1,30.6,NA,1,100.0,1269,459,0,1.2
77,30%,nonunit,200,961,1.1,NA,7,96.7,0.8,NA,4,98.8,268,0.1,1.0,NA,9,98.2,109,0,1.8,NA,20,95.2,202,<0.1,0.6,NA,1,100.0,318,80,104,0.1
79,30%,nonunit,26300,41500,24.6,NA,1,100.0,24.6,NA,1,100.0,1271,0.1,30.2,NA,1,100.0,525,0.1,26.6,NA,1,100.0,0,1.1,30.7,NA,1,100.0,1271,460,0,1.2
81,30%,nonunit,199,1091,2.7,NA,90,88.6,2.1,NA,44,92.7,261,0.1,2.2,NA,52,92.4,167,0,3.0,NA,141,89.2,230,<0.1,2.2,NA,42,93.6,254,135,116,0.2
83,30%,nonunit,200,1172,3.6,NA,87,91.2,1.7,NA,8,96.9,347,0.2,1.9,NA,11,94.2,174,0,3.2,NA,67,88.2,359,0.1,2.0,NA,11,97.4,370,128,120,0.2
85,30%,nonunit,11470,17408,6.3,NA,1,100.0,6.3,NA,1,100.0,424,<0.1,7.0,NA,1,100.0,275,<0.1,6.5,NA,1,100.0,0,0.1,7.2,NA,1,100.0,424,259,0,0.2
87,30%,nonunit,13590,21240,5.5,NA,1,100.0,5.8,NA,1,100.0,574,<0.1,6.7,NA,1,100.0,325,<0.1,5.7,NA,1,100.0,0,0.2,7.1,NA,1,100.0,574,294,0,0.3
89,30%,nonunit,57316,77978,64.8,NA,1,100.0,52.1,NA,1,100.0,3270,0.1,81.8,NA,1,100.0,724,0.1,67.3,NA,1,100.0,0,0,72.2,NA,1,100.0,3270,526,0,0.1
91,30%,nonunit,200,1163,4.1,NA,163,84.7,3.0,NA,23,96.9,717,0.3,3.4,NA,70,90.9,229,0,4.5,NA,196,88.2,361,0.1,3.9,NA,50,96.4,767,132,225,0.4
93,30%,nonunit,200,1162,2.7,NA,67,92.6,1.0,NA,4,99.1,440,0.1,2.1,NA,23,94.5,181,0,2.7,NA,48,91.6,216,0.1,1.0,NA,4,99.4,462,145,212,0.2
95,30%,nonunit,15783,24663,6.5,NA,1,100.0,5.4,NA,1,100.0,666,<0.1,7.0,NA,1,100.0,352,<0.1,6.7,NA,1,100.0,0,0.3,7.3,NA,1,100.0,666,325,0,0.3
97,30%,nonunit,18096,28281,9.2,NA,1,100.0,9.2,NA,1,100.0,776,<0.1,11.1,NA,1,100.0,397,<0.1,9.5,NA,1,100.0,0,0.4,11.8,NA,1,100.0,776,346,0,0.4
99,30%,nonunit,26300,41500,22.0,NA,1,100.0,24.6,NA,1,100.0,1257,0.1,27.1,NA,1,100.0,509,<0.1,23.6,NA,1,100.0,0,1.1,29.7,NA,1,100.0,1257,452,0,1.2
101,30%,nonunit,26300,41500,15.2,NA,1,100.0,14.9,NA,1,100.0,1270,<0.1,19.2,NA,1,100.0,516,<0.1,15.8,NA,1,100.0,0,1.1,19.9,NA,1,100.0,1270,460,0,1.2
103,30%,nonunit,15783,24663,5.7,NA,1,100.0,5.7,NA,1,100.0,674,<0.1,7.2,NA,1,100.0,350,0,6.0,NA,1,100.0,0,0.3,7.7,NA,1,100.0,674,324,0,0.3
105,30%,nonunit,26300,41500,15.1,NA,1,100.0,14.8,NA,1,100.0,1276,0.1,18.9,NA,1,100.0,521,<0.1,15.8,NA,1,100.0,0,1.1,19.9,NA,1,100.0,1276,456,0,1.2
107,30%,nonunit,13590,21240,6.8,NA,1,100.0,6.4,NA,1,100.0,548,<0.1,7.7,NA,1,100.0,314,<0.1,6.8,NA,1,100.0,0,0.2,7.9,NA,1,100.0,548,289,0,0.3
109,30%,nonunit,66992,90970,103.3,NA,1,100.0,91.1,NA,1,100.0,3595,<0.1,122.2,NA,1,100.0,728,0.1,91.7,NA,1,100.0,0,0,120.3,NA,1,100.0,3595,665,0,0.1
111,30%,nonunit,450,17831,3532.5,4.8,6209,58.2,3522.7,3.9,4021,63.4,10591,<0.1,3530.2,7.4,1,64.7,45064,1.4,3511.1,5.3,6232,58.2,8892,4.4,3549.0,6.5,1,69.9,10591,35604,544,1.3
113,30%,nonunit,26300,41500,27.7,NA,1,100.0,28.0,NA,1,100.0,1282,0.1,31.8,NA,1,100.0,526,<0.1,28.5,NA,1,100.0,0,1.1,33.0,NA,1,100.0,1282,458,0,1.2
115,30%,nonunit,18096,28281,9.2,NA,1,100.0,8.5,NA,1,100.0,765,<0.1,12.3,NA,1,100.0,394,<0.1,8.8,NA,1,100.0,0,0.4,11.5,NA,1,100.0,765,342,0,0.4
117,30%,nonunit,18096,28281,9.9,NA,1,100.0,7.6,NA,1,100.0,766,<0.1,10.2,NA,1,100.0,392,0.1,9.8,NA,1,100.0,0,0.4,10.8,NA,1,100.0,766,339,0,0.5
119,30%,nonunit,18096,28281,8.9,NA,1,100.0,9.6,NA,1,100.0,761,<0.1,11.4,NA,1,100.0,396,0.1,9.4,NA,1,100.0,0,0.4,12.1,NA,1,100.0,761,343,0,0.4
121,30%,nonunit,18096,28281,8.6,NA,1,100.0,8.0,NA,1,100.0,771,<0.1,10.8,NA,1,100.0,395,<0.1,8.8,NA,1,100.0,0,0.4,10.5,NA,1,100.0,771,339,0,0.4
123,30%,nonunit,26300,41500,16.5,NA,1,100.0,15.9,NA,1,100.0,1271,0.1,22.1,NA,1,100.0,523,<0.1,18.9,NA,1,100.0,0,1.1,22.0,NA,1,100.0,1271,459,0,1.2
125,30%,nonunit,26300,41500,29.0,NA,1,100.0,29.3,NA,1,100.0,1267,0.1,33.2,NA,1,100.0,514,0.1,29.7,NA,1,100.0,0,1.1,35.0,NA,1,100.0,1267,456,0,1.2
127,30%,nonunit,18096,28281,8.2,NA,1,100.0,8.8,NA,1,100.0,761,<0.1,10.6,NA,1,100.0,396,0.1,9.1,NA,1,100.0,0,0.4,10.8,NA,1,100.0,761,343,0,0.4
129,30%,nonunit,15783,24663,6.7,NA,1,100.0,7.2,NA,1,100.0,673,<0.1,8.4,NA,1,100.0,346,<0.1,7.4,NA,1,100.0,0,0.3,8.7,NA,1,100.0,673,320,0,0.4
131,30%,nonunit,2980,5360,0.5,NA,1,100.0,0.6,NA,1,100.0,89,0,0.6,NA,1,100.0,89,0,0.5,NA,1,100.0,0,0,0.6,NA,1,100.0,89,89,0,<0.1
133,30%,nonunit,15783,24663,6.7,NA,1,100.0,6.5,NA,1,100.0,663,<0.1,8.5,NA,1,100.0,347,<0.1,7.0,NA,1,100.0,0,0.3,8.5,NA,1,100.0,663,321,0,0.3
135,30%,nonunit,26300,41500,29.2,NA,1,100.0,29.4,NA,1,100.0,1273,0.1,31.9,NA,1,100.0,512,0.1,31.8,NA,1,100.0,0,1.2,34.4,NA,1,100.0,1273,451,0,1.2
137,30%,nonunit,26300,41500,17.8,NA,1,100.0,16.1,NA,1,100.0,1283,0.1,20.9,NA,1,100.0,527,<0.1,18.3,NA,1,100.0,0,1.1,22.3,NA,1,100.0,1283,458,0,1.2
139,30%,nonunit,18096,28281,9.9,NA,1,100.0,10.1,NA,1,100.0,769,<0.1,11.8,NA,1,100.0,404,<0.1,10.1,NA,1,100.0,0,0.4,12.6,NA,1,100.0,769,345,0,0.5
141,30%,nonunit,18096,28281,8.8,NA,1,100.0,8.7,NA,1,100.0,754,<0.1,11.2,NA,1,100.0,388,<0.1,8.5,NA,1,100.0,0,0.4,10.6,NA,1,100.0,754,339,0,0.4
143,30%,nonunit,18096,28281,8.6,NA,1,100.0,8.2,NA,1,100.0,761,<0.1,10.7,NA,1,100.0,394,<0.1,8.5,NA,1,100.0,0,0.4,11.1,NA,1,100.0,761,341,0,0.4
145,30%,nonunit,18096,28281,8.4,NA,1,100.0,8.4,NA,1,100.0,765,<0.1,11.0,NA,1,100.0,393,<0.1,9.3,NA,1,100.0,0,0.4,11.1,NA,1,100.0,765,343,0,0.4
147,30%,nonunit,18096,28281,10.2,NA,1,100.0,9.7,NA,1,100.0,767,<0.1,11.6,NA,1,100.0,394,<0.1,10.3,NA,1,100.0,0,0.4,12.5,NA,1,100.0,767,342,0,0.4
149,30%,nonunit,26300,41500,28.8,NA,1,100.0,29.9,NA,1,100.0,1262,0.1,32.0,NA,1,100.0,510,0.1,26.4,NA,1,100.0,0,1.1,32.2,NA,1,100.0,1262,449,0,1.2
151,30%,nonunit,15783,24663,6.4,NA,1,100.0,7.0,NA,1,100.0,679,<0.1,8.4,NA,1,100.0,350,<0.1,6.8,NA,1,100.0,0,0.3,9.1,NA,1,100.0,679,323,0,0.4
153,30%,nonunit,29076,45570,35.8,NA,1,100.0,31.2,NA,1,100.0,1400,0.1,36.4,NA,1,100.0,497,0.1,34.6,NA,1,100.0,0,1.5,39.8,NA,1,100.0,1400,446,0,1.5
155,30%,nonunit,26300,41500,28.7,NA,4,100.0,27.9,NA,1,100.0,1270,0.1,31.9,NA,1,100.0,518,0.1,32.0,NA,4,100.0,0,1.1,31.2,NA,1,100.0,1270,455,0,1.2
157,30%,nonunit,2980,5360,0.6,NA,1,100.0,0.7,NA,1,100.0,99,<0.1,0.7,NA,1,100.0,99,0,0.7,NA,1,100.0,0,<0.1,0.8,NA,1,100.0,99,98,0,<0.1
159,30%,nonunit,18096,28281,9.5,NA,1,100.0,8.8,NA,1,100.0,773,<0.1,11.2,NA,1,100.0,400,<0.1,9.0,NA,1,100.0,0,0.4,11.3,NA,1,100.0,773,342,0,0.4
161,30%,nonunit,138141,227241,494.4,NA,1,100.0,482.4,NA,1,100.0,4035,0.1,510.6,NA,1,100.0,873,0.3,482.1,NA,1,100.0,0,0,550.0,NA,1,100.0,4034,768,0,0.3
163,30%,nonunit,18096,28281,9.8,NA,1,100.0,10.0,NA,1,100.0,768,<0.1,12.2,NA,1,100.0,400,<0.1,9.8,NA,1,100.0,0,0.4,13.1,NA,1,100.0,768,343,0,0.5
165,30%,nonunit,18096,28281,8.2,NA,1,100.0,9.2,NA,1,100.0,765,<0.1,11.3,NA,1,100.0,392,<0.1,8.5,NA,1,100.0,0,0.4,11.5,NA,1,100.0,765,340,0,0.4
167,30%,nonunit,15783,24663,6.1,NA,1,100.0,6.2,NA,1,100.0,669,<0.1,8.0,NA,1,100.0,350,<0.1,6.7,NA,1,100.0,0,0.3,8.3,NA,1,100.0,669,322,0,0.3
169,30%,nonunit,4768,8576,2.4,NA,1,100.0,2.4,NA,1,100.0,150,<0.1,3.0,NA,1,100.0,148,<0.1,2.4,NA,1,100.0,0,<0.1,2.6,NA,1,100.0,150,142,0,<0.1
171,30%,nonunit,18096,28281,8.1,NA,1,100.0,8.9,NA,1,100.0,764,<0.1,11.4,NA,1,100.0,389,<0.1,8.9,NA,1,100.0,0,0.4,11.0,NA,1,100.0,764,340,0,0.4
173,30%,nonunit,56860,77264,60.8,NA,1,100.0,51.8,NA,1,100.0,3271,<0.1,81.1,NA,1,100.0,711,0.1,61.6,NA,1,100.0,0,0,68.7,NA,1,100.0,3271,491,0,0.1
175,30%,nonunit,3523,6446,0.6,NA,1,100.0,0.6,NA,1,100.0,104,0,0.7,NA,1,100.0,101,0,0.6,NA,1,100.0,0,<0.1,0.7,NA,1,100.0,104,101,0,<0.1
177,30%,nonunit,5066,9112,1.9,NA,1,100.0,1.9,NA,1,100.0,136,<0.1,2.1,NA,1,100.0,136,<0.1,1.9,NA,1,100.0,0,<0.1,2.1,NA,1,100.0,136,129,0,<0.1
179,30%,nonunit,15783,24663,6.4,NA,1,100.0,6.5,NA,1,100.0,678,<0.1,7.6,NA,1,100.0,349,<0.1,6.7,NA,1,100.0,0,0.3,8.3,NA,1,100.0,678,322,0,0.3
181,30%,nonunit,18096,28281,8.3,NA,1,100.0,8.5,NA,1,100.0,776,<0.1,10.7,NA,1,100.0,397,<0.1,9.0,NA,1,100.0,0,0.4,11.1,NA,1,100.0,776,343,0,0.4
183,30%,nonunit,72420,118362,112.6,NA,1,100.0,111.8,NA,1,100.0,2770,0.3,147.7,NA,1,100.0,836,0.1,113.5,NA,1,100.0,0,5.0,148.8,NA,1,100.0,2770,698,0,5.4
185,30%,nonunit,3523,6446,0.8,NA,1,100.0,0.9,NA,1,100.0,110,0,0.9,NA,1,100.0,108,0,0.8,NA,1,100.0,0,<0.1,0.9,NA,1,100.0,110,106,0,<0.1
187,30%,nonunit,4227,7734,0.9,NA,1,100.0,0.9,NA,1,100.0,127,<0.1,1.1,NA,1,100.0,127,0,0.9,NA,1,100.0,0,<0.1,1.0,NA,1,100.0,127,127,0,<0.1
189,30%,nonunit,7400,13600,3.3,NA,1,100.0,3.3,NA,1,100.0,224,0,3.5,NA,1,100.0,224,<0.1,3.2,NA,1,100.0,0,<0.1,3.7,NA,1,100.0,224,218,0,0.1
191,30%,nonunit,4579,8378,1.8,NA,1,100.0,1.9,NA,1,100.0,142,0,2.0,NA,1,100.0,142,0,1.9,NA,1,100.0,0,<0.1,2.0,NA,1,100.0,142,141,0,<0.1
193,30%,nonunit,7030,12920,4.3,NA,1,100.0,4.1,NA,1,100.0,195,0,4.5,NA,1,100.0,195,<0.1,4.3,NA,1,100.0,0,<0.1,4.5,NA,1,100.0,195,188,0,<0.1
195,30%,nonunit,1150,81068,3591.5,11.9,12,24.8,3591.5,12.1,1,25.3,10568,<0.1,3583.2,12.8,1,22.6,6293,0.1,3591.5,14.1,1,16.7,18050,31.6,3591.5,14.0,1,22.2,10568,3689,1383,1.8
197,30%,nonunit,1534,127011,3591.6,13.5,1,19.0,3591.5,13.6,1,19.5,10026,<0.1,3591.5,13.9,1,15.7,6162,0.1,3591.8,15.6,1,8.0,9404,19.9,3591.6,14.7,1,12.5,10026,3081,1846,3.3
199,30%,nonunit,1534,126163,3591.5,13.4,1,18.5,3591.5,13.0,1,20.4,10002,<0.1,3591.1,14.0,1,15.8,6162,0.1,3591.6,15.8,1,7.6,9352,17.4,3591.5,14.6,1,14.5,10002,4740,1843,3.7
1,40%,nonunit,6160,40207,11.4,NA,1,100.0,9.3,NA,1,100.0,4683,<0.1,10.5,NA,1,100.0,572,0.1,11.6,NA,1,100.0,0,0.5,13.7,NA,1,100.0,4477,436,0,0.6
3,40%,nonunit,60541,48418,11.6,NA,1,100.0,11.7,NA,1,100.0,0,0,18.6,NA,1,100.0,0,0,11.6,NA,1,100.0,0,0,18.6,NA,1,100.0,0,0,0,0
5,40%,nonunit,200,798,3.2,NA,346,85.1,2.0,NA,35,96.6,670,0.2,1.9,NA,111,89.2,107,0,3.3,NA,269,83.9,259,0.1,1.7,NA,9,97.3,656,80,154,0.3
7,40%,nonunit,8794,10121,2.1,NA,1,100.0,1.5,NA,1,100.0,122,0,2.5,NA,1,100.0,35,0,2.2,NA,1,100.0,0,<0.1,1.8,NA,1,100.0,122,35,0,<0.1
9,40%,nonunit,38452,174645,3513.8,0.2,5596,95.1,3556.4,0.2,7938,95.0,12000,0.1,3536.5,<0.1,1,98.6,14739,13.4,3524.4,0.2,5319,95.1,0,<0.1,3522.1,<0.1,1,98.4,12000,12830,0,14.2
11,40%,nonunit,9877,25973,2073.4,NA,158536,94.9,2246.8,NA,160200,94.8,7389,0.5,1625.8,NA,114256,96.3,469,0.2,2098.7,NA,158536,94.9,0,1.0,651.3,NA,49817,96.4,10108,385,0,1.1
13,40%,nonunit,45307,36697,6.5,NA,1,100.0,6.5,NA,1,100.0,0,0,9.3,NA,1,100.0,0,0,6.7,NA,1,100.0,0,0,9.5,NA,1,100.0,0,0,0,0
15,40%,nonunit,53610,42940,9.4,NA,1,100.0,9.2,NA,1,100.0,0,0,13.4,NA,1,100.0,0,0,9.2,NA,1,100.0,0,0,13.6,NA,1,100.0,0,0,0,0
17,40%,nonunit,23541,34233,19.1,NA,1,100.0,17.2,NA,1,100.0,1948,0.1,19.2,NA,1,100.0,309,<0.1,24.0,NA,1,100.0,0,1.5,20.2,NA,1,100.0,1938,251,0,1.6
19,40%,nonunit,200,862,5.1,NA,550,83.1,2.8,NA,73,96.0,855,0.3,3.5,NA,224,88.5,116,0,6.6,NA,924,81.2,577,0.3,2.7,NA,54,96.1,922,89,295,0.4
21,40%,nonunit,24765,19655,2.0,NA,1,100.0,2.0,NA,1,100.0,0,0,3.0,NA,1,100.0,0,0,2.0,NA,1,100.0,0,0,2.9,NA,1,100.0,0,0,0,0
23,40%,nonunit,27717,133665,3552.9,0.2,14859,93.2,3555.0,0.2,14453,93.3,12000,0.1,3550.0,0.1,1,98.1,18369,10.8,3509.8,0.2,14401,93.2,0,<0.1,3555.7,0.1,1,98.1,12000,17880,0,11.2
25,40%,nonunit,23194,18295,1.8,NA,1,100.0,1.8,NA,1,100.0,0,0,2.6,NA,1,100.0,0,0,1.8,NA,1,100.0,0,0,2.5,NA,1,100.0,0,0,0,0
27,40%,nonunit,65866,52435,13.6,NA,1,100.0,13.3,NA,1,100.0,0,0,21.7,NA,1,100.0,0,0,13.3,NA,1,100.0,0,0,21.2,NA,1,100.0,0,0,0,0
29,40%,nonunit,13431,16234,6.5,NA,1,100.0,5.1,NA,1,100.0,293,0,6.0,NA,1,100.0,124,<0.1,6.7,NA,1,100.0,0,<0.1,5.7,NA,1,100.0,293,124,0,0.1
31,40%,nonunit,200,813,5.1,NA,412,88.8,2.5,NA,37,97.2,701,0.3,3.0,NA,95,93.4,195,0,3.9,NA,231,89.7,660,0.3,3.0,NA,49,96.9,795,161,296,0.4
33,40%,nonunit,4410,6885,1.3,NA,1,100.0,1.4,NA,1,100.0,500,<0.1,1.5,NA,1,100.0,228,0,1.6,NA,1,100.0,0,0.2,1.8,NA,1,100.0,500,218,0,0.3
35,40%,nonunit,200,864,60.3,NA,15865,77.7,6.9,NA,295,91.7,1326,0.4,13.4,NA,2264,79.6,125,0,20.2,NA,3314,80.2,624,0.3,8.4,NA,514,91.7,1382,102,302,0.6
37,40%,nonunit,198,808,5.5,NA,352,84.0,3.8,NA,130,94.9,987,0.3,5.0,NA,411,83.7,90,0,9.9,NA,1740,80.0,588,0.3,3.8,NA,111,94.9,1036,67,171,0.4
39,40%,nonunit,6795,10620,4.5,NA,1,100.0,4.7,NA,1,100.0,734,<0.1,4.6,NA,1,100.0,281,<0.1,5.0,NA,1,100.0,0,0.5,5.4,NA,1,100.0,734,252,0,0.5
41,40%,nonunit,200,1023,7.8,NA,508,82.7,4.3,NA,158,94.7,802,0.4,7.2,NA,610,89.0,216,0,16.2,NA,1760,83.6,750,0.3,4.7,NA,120,93.6,838,162,160,0.4
43,40%,nonunit,200,841,2.9,NA,120,93.0,1.9,NA,13,97.9,533,0.2,2.1,NA,39,96.4,216,0,3.9,NA,261,92.6,461,0.1,1.6,NA,7,98.6,518,152,155,0.3
45,40%,nonunit,200,1020,15.7,NA,1665,81.9,5.8,NA,97,96.0,1307,0.4,9.0,NA,863,85.8,192,0,29.8,NA,3076,81.5,1098,0.5,6.6,NA,138,95.5,1468,146,308,0.7
47,40%,nonunit,200,1093,119.7,NA,16194,76.4,10.4,NA,459,92.1,1330,0.5,39.5,NA,6387,84.2,237,0,195.5,NA,50247,77.9,1098,0.4,11.3,NA,614,92.5,1342,146,306,0.6
49,40%,nonunit,200,933,4.2,NA,245,82.5,2.7,NA,33,97.4,615,0.3,2.9,NA,117,91.6,143,0,4.3,NA,177,87.4,429,0.2,2.8,NA,21,97.8,591,116,160,0.4
51,40%,nonunit,200,1098,24.5,NA,2085,83.4,4.7,NA,85,95.8,1117,0.4,9.3,NA,694,88.7,246,0,21.6,NA,2185,83.2,645,0.2,5.8,NA,32,97.7,1403,153,300,0.9
53,40%,nonunit,200,1026,21.1,NA,2057,82.9,6.2,NA,119,94.9,1440,0.6,9.6,NA,1091,86.4,213,0,40.7,NA,4873,79.1,481,0.1,5.2,NA,85,95.5,1218,150,308,0.6
55,40%,nonunit,200,938,7.1,NA,733,81.7,3.8,NA,34,97.1,1220,0.4,5.2,NA,359,85.9,169,0,7.3,NA,484,81.9,884,0.4,4.2,NA,47,96.8,1183,112,302,0.5
57,40%,nonunit,200,1160,38.5,NA,3281,84.9,6.1,NA,76,95.4,1092,0.5,15.8,NA,1000,88.8,306,0,36.6,NA,4085,81.9,986,0.4,8.6,NA,219,95.8,1210,162,312,0.7
59,40%,nonunit,200,961,17.5,NA,2136,80.2,5.7,NA,119,94.0,1299,0.6,8.8,NA,940,86.7,226,0,13.4,NA,1787,82.7,301,0.1,5.6,NA,111,94.2,1297,147,307,0.7
61,40%,nonunit,200,931,9.6,NA,1064,78.7,4.6,NA,84,94.1,1119,0.5,7.4,NA,711,84.0,150,0,12.0,NA,1520,80.2,801,0.3,4.8,NA,98,93.7,1180,110,240,0.5
63,40%,nonunit,200,1011,13.8,NA,1636,81.8,4.6,NA,85,94.9,1164,0.5,6.2,NA,577,84.1,194,0,32.7,NA,5655,78.8,499,0.2,6.8,NA,50,95.2,1544,155,314,1.2
65,40%,nonunit,200,1011,25.1,NA,3194,81.2,5.5,NA,118,94.3,1135,0.5,10.4,NA,1096,84.7,185,<0.1,25.6,NA,3085,80.7,539,0.2,5.5,NA,182,93.6,1133,135,310,0.7
67,40%,nonunit,200,1174,119.0,NA,20316,75.0,10.9,NA,357,92.3,1199,0.7,14.8,NA,1525,82.7,284,0,257.7,NA,55872,70.1,634,0.2,8.7,NA,187,93.3,1296,156,304,0.7
69,40%,nonunit,200,1083,201.5,NA,26074,76.6,13.3,NA,666,92.9,1635,0.8,36.1,NA,4870,83.0,243,0,163.3,NA,27383,77.9,836,0.3,14.6,NA,668,91.9,1317,158,318,0.6
71,40%,nonunit,200,952,81.0,NA,14646,79.3,7.6,NA,150,93.6,1629,0.6,35.3,NA,5337,82.5,151,<0.1,53.3,NA,6025,75.0,1120,0.5,13.8,NA,591,92.2,1450,109,318,0.6
73,40%,nonunit,200,1078,9.0,NA,521,86.9,4.0,NA,35,97.4,845,0.5,3.7,NA,89,92.3,225,0,6.0,NA,268,84.5,722,0.3,4.4,NA,34,97.1,770,149,311,0.7
75,40%,nonunit,26300,41500,30.0,NA,1,100.0,29.9,NA,1,100.0,2966,0.4,33.3,NA,1,100.0,504,0.1,29.6,NA,1,100.0,0,0,33.9,NA,1,100.0,2966,442,0,0.4
77,40%,nonunit,200,961,17.6,NA,2136,80.2,5.7,NA,119,94.0,1299,0.6,8.9,NA,940,86.7,226,0,13.6,NA,1787,82.7,301,0.1,5.6,NA,111,94.2,1297,147,307,0.7
79,40%,nonunit,26300,41500,18.7,NA,1,100.0,19.6,NA,1,100.0,2972,0.4,26.3,NA,1,100.0,505,<0.1,20.4,NA,1,100.0,0,0,24.1,NA,1,100.0,2972,443,0,0.5
81,40%,nonunit,199,1091,263.8,NA,41422,75.3,21.5,NA,1000,91.3,2058,1.0,91.5,NA,11556,78.0,224,<0.1,278.9,NA,40137,75.6,1107,0.5,29.0,NA,1999,90.0,1567,144,316,0.8
83,40%,nonunit,200,1172,2173.7,NA,282347,70.5,56.5,NA,3168,89.2,2126,0.7,312.9,NA,49077,77.5,269,<0.1,635.3,NA,68663,70.6,1167,0.5,80.5,NA,2794,90.3,2293,152,321,0.9
85,40%,nonunit,11470,17408,7.1,NA,1,100.0,7.2,NA,1,100.0,1130,0.1,9.1,NA,1,100.0,326,<0.1,8.6,NA,1,100.0,0,1.5,9.6,NA,1,100.0,1130,299,0,1.7
87,40%,nonunit,13590,21240,9.4,NA,1,100.0,9.0,NA,1,100.0,1476,0.1,10.5,NA,1,100.0,356,<0.1,11.0,NA,1,100.0,0,2.0,12.8,NA,1,100.0,1476,312,0,2.2
89,40%,nonunit,57316,77978,143.1,NA,1,100.0,152.9,NA,1,100.0,5456,2.3,178.0,NA,1,100.0,950,0.2,140.4,NA,1,100.0,0,0,175.1,NA,1,100.0,5185,636,0,1.4
91,40%,nonunit,200,1163,2921.5,NA,449759,70.7,35.7,NA,1499,91.5,2596,1.1,461.0,NA,61332,79.1,309,<0.1,2188.5,NA,320388,73.5,1241,0.8,27.7,NA,672,92.2,2449,163,316,1.3
93,40%,nonunit,200,1162,1045.3,NA,196093,71.3,70.9,NA,7082,87.9,1561,0.6,132.7,NA,25457,78.2,265,<0.1,2038.5,NA,327265,71.0,903,0.6,54.8,NA,3735,88.4,1385,142,308,0.7
95,40%,nonunit,15783,24663,8.8,NA,1,100.0,8.4,NA,1,100.0,1759,0.1,10.0,NA,1,100.0,399,<0.1,11.8,NA,1,100.0,0,3.0,13.2,NA,1,100.0,1759,344,0,3.1
97,40%,nonunit,18096,28281,12.2,NA,1,100.0,11.9,NA,1,100.0,2001,0.2,15.3,NA,1,100.0,446,<0.1,15.8,NA,1,100.0,0,3.7,17.5,NA,1,100.0,2001,358,0,3.9
99,40%,nonunit,26300,41500,32.3,NA,1,100.0,34.0,NA,1,100.0,2959,0.4,34.3,NA,1,100.0,507,<0.1,33.3,NA,1,100.0,0,0,37.6,NA,1,100.0,2959,446,0,0.4
101,40%,nonunit,26300,41500,22.6,NA,1,100.0,23.5,NA,1,100.0,2985,0.5,26.9,NA,1,100.0,499,<0.1,22.9,NA,1,100.0,0,0,26.3,NA,1,100.0,2985,443,0,0.4
103,40%,nonunit,15783,24663,9.5,NA,1,100.0,9.3,NA,1,100.0,1676,0.1,10.9,NA,1,100.0,387,<0.1,12.3,NA,1,100.0,0,2.9,13.8,NA,1,100.0,1676,349,0,2.9
105,40%,nonunit,26300,41500,40.6,NA,1,100.0,40.7,NA,1,100.0,2964,0.4,43.6,NA,1,100.0,502,<0.1,39.5,NA,1,100.0,0,0,44.6,NA,1,100.0,2964,442,0,0.4
107,40%,nonunit,13590,21240,7.2,NA,1,100.0,7.4,NA,1,100.0,1477,0.1,8.4,NA,1,100.0,361,0,9.5,NA,1,100.0,0,2.1,10.6,NA,1,100.0,1477,314,0,2.2
109,40%,nonunit,66992,90970,195.9,NA,1,100.0,136.1,NA,1,100.0,4996,1.4,218.3,NA,1,100.0,899,0.1,199.1,NA,1,100.0,0,<0.1,161.6,NA,1,100.0,4916,666,0,1.4
111,40%,nonunit,450,17831,3584.4,8.0,1828,52.2,3578.9,9.4,1486,56.4,10591,<0.1,3590.9,8.3,1,54.8,20296,0.6,3581.0,9.0,2389,52.0,16882,12.7,3591.6,7.6,1,58.9,10591,14104,722,0.7
113,40%,nonunit,26300,41500,34.1,NA,1,100.0,37.4,NA,1,100.0,2983,0.5,41.3,NA,1,100.0,505,0.1,34.2,NA,1,100.0,0,0,48.4,NA,1,100.0,2983,444,0,0.4
115,40%,nonunit,18096,28281,15.2,NA,1,100.0,10.6,NA,1,100.0,1973,0.2,14.7,NA,1,100.0,433,<0.1,18.0,NA,1,100.0,0,3.7,20.0,NA,1,100.0,1973,350,0,4.1
117,40%,nonunit,18096,28281,13.0,NA,1,100.0,16.6,NA,1,100.0,1963,0.2,15.1,NA,1,100.0,429,<0.1,17.0,NA,1,100.0,0,3.7,19.7,NA,1,100.0,1963,353,0,4.0
119,40%,nonunit,18096,28281,12.5,NA,1,100.0,13.3,NA,1,100.0,1979,0.2,13.7,NA,1,100.0,437,<0.1,16.4,NA,1,100.0,0,3.7,20.0,NA,1,100.0,1979,357,0,3.9
121,40%,nonunit,18096,28281,12.9,NA,1,100.0,15.1,NA,1,100.0,1961,0.2,15.6,NA,1,100.0,429,0.1,16.6,NA,1,100.0,0,3.8,22.5,NA,1,100.0,1961,351,0,3.9
123,40%,nonunit,26300,41500,22.6,NA,1,100.0,19.1,NA,1,100.0,2987,0.4,25.6,NA,1,100.0,507,<0.1,21.8,NA,1,100.0,0,0,31.7,NA,1,100.0,2987,445,0,0.5
125,40%,nonunit,26300,41500,23.0,NA,1,100.0,27.8,NA,1,100.0,2981,0.4,24.9,NA,1,100.0,503,<0.1,22.0,NA,1,100.0,0,0,25.7,NA,1,100.0,2981,442,0,0.4
127,40%,nonunit,18096,28281,11.4,NA,1,100.0,12.9,NA,1,100.0,1992,0.2,18.1,NA,1,100.0,428,<0.1,16.6,NA,1,100.0,0,3.9,18.8,NA,1,100.0,1992,354,0,3.9
129,40%,nonunit,15783,24663,9.9,NA,1,100.0,10.6,NA,1,100.0,1693,0.1,16.5,NA,1,100.0,377,0.1,13.7,NA,1,100.0,0,2.9,15.7,NA,1,100.0,1693,346,0,3.0
131,40%,nonunit,2980,5360,1.5,NA,1,100.0,1.6,NA,1,100.0,310,0.1,1.7,NA,1,100.0,230,0,1.6,NA,1,100.0,0,0.1,1.8,NA,1,100.0,310,215,0,0.1
133,40%,nonunit,15783,24663,11.2,NA,1,100.0,10.6,NA,1,100.0,1712,0.2,15.0,NA,1,100.0,387,0.1,14.6,NA,1,100.0,0,2.9,14.7,NA,1,100.0,1712,356,0,3.0
135,40%,nonunit,26300,41500,23.8,NA,1,100.0,22.3,NA,1,100.0,2964,0.4,31.1,NA,1,100.0,500,<0.1,23.3,NA,1,100.0,0,0,27.0,NA,1,100.0,2964,444,0,0.4
137,40%,nonunit,26300,41500,22.4,NA,1,100.0,21.2,NA,1,100.0,2981,0.4,28.9,NA,1,100.0,501,0.1,21.7,NA,1,100.0,0,0,26.7,NA,1,100.0,2981,442,0,0.5
139,40%,nonunit,18096,28281,20.0,NA,1,100.0,14.0,NA,1,100.0,1988,0.2,16.9,NA,1,100.0,442,<0.1,24.4,NA,1,100.0,0,3.9,19.4,NA,1,100.0,1988,362,0,3.9
141,40%,nonunit,18096,28281,13.8,NA,1,100.0,13.9,NA,1,100.0,2018,0.2,19.9,NA,1,100.0,458,0.1,19.1,NA,1,100.0,0,4.6,20.6,NA,1,100.0,2018,359,0,3.9
143,40%,nonunit,18096,28281,15.6,NA,1,100.0,12.7,NA,1,100.0,2002,0.2,14.1,NA,1,100.0,438,0.1,17.7,NA,1,100.0,0,3.9,17.9,NA,1,100.0,2002,353,0,3.9
145,40%,nonunit,18096,28281,11.7,NA,1,100.0,12.2,NA,1,100.0,1994,0.2,16.6,NA,1,100.0,444,0.1,15.9,NA,1,100.0,0,3.9,17.7,NA,1,100.0,1994,358,0,4.0
147,40%,nonunit,18096,28281,13.5,NA,1,100.0,12.4,NA,1,100.0,1991,0.2,18.5,NA,1,100.0,432,<0.1,16.6,NA,1,100.0,0,3.9,18.3,NA,1,100.0,1991,358,0,4.0
149,40%,nonunit,26300,41500,37.6,NA,1,100.0,36.3,NA,1,100.0,2957,0.4,48.2,NA,1,100.0,509,0.1,37.4,NA,1,100.0,0,0,37.1,NA,1,100.0,2957,445,0,0.4
151,40%,nonunit,15783,24663,9.6,NA,1,100.0,9.6,NA,1,100.0,1706,0.2,13.1,NA,1,100.0,385,<0.1,12.8,NA,1,100.0,0,2.9,14.2,NA,1,100.0,1706,346,0,3.0
153,40%,nonunit,29076,45570,44.6,NA,1,100.0,43.6,NA,1,100.0,3282,0.1,74.0,NA,1,100.0,562,0.1,46.0,NA,1,100.0,0,0,46.0,NA,1,100.0,3282,466,0,0.1
155,40%,nonunit,26300,41500,39.5,NA,1,100.0,36.4,NA,1,100.0,2976,0.4,54.2,NA,1,100.0,508,0.1,37.8,NA,1,100.0,0,0,40.1,NA,1,100.0,2976,449,0,0.4
157,40%,nonunit,2980,5360,1.5,NA,1,100.0,1.6,NA,1,100.0,363,0.1,1.7,NA,1,100.0,215,<0.1,1.6,NA,1,100.0,0,0.1,1.8,NA,1,100.0,363,202,0,0.3
159,40%,nonunit,18096,28281,13.2,NA,1,100.0,11.3,NA,1,100.0,1996,0.2,18.7,NA,1,100.0,447,<0.1,16.0,NA,1,100.0,0,3.7,18.3,NA,1,100.0,1996,367,0,4.1
161,40%,nonunit,138141,227241,1509.1,NA,1,100.0,1541.9,NA,1,100.0,7972,0.3,1437.9,NA,1,100.0,1440,0.3,1469.7,NA,1,100.0,0,0,1620.2,NA,1,100.0,7944,768,0,0.3
163,40%,nonunit,18096,28281,13.2,NA,1,100.0,11.2,NA,1,100.0,1950,0.2,18.2,NA,1,100.0,426,<0.1,17.2,NA,1,100.0,0,4.4,18.3,NA,1,100.0,1950,354,0,4.0
165,40%,nonunit,18096,28281,9.7,NA,1,100.0,9.8,NA,1,100.0,2028,0.2,11.7,NA,1,100.0,461,<0.1,13.4,NA,1,100.0,0,3.7,15.4,NA,1,100.0,2028,373,0,3.9
167,40%,nonunit,15783,24663,11.1,NA,1,100.0,9.1,NA,1,100.0,1693,0.1,20.4,NA,1,100.0,377,<0.1,14.5,NA,1,100.0,0,3.6,13.3,NA,1,100.0,1693,339,0,3.0
169,40%,nonunit,4768,8576,3.5,NA,1,100.0,3.4,NA,1,100.0,601,0.4,3.9,NA,1,100.0,306,0,3.7,NA,1,100.0,0,0.3,4.0,NA,1,100.0,601,263,0,0.7
171,40%,nonunit,18096,28281,13.8,NA,1,100.0,13.8,NA,1,100.0,1988,0.2,19.5,NA,1,100.0,435,<0.1,17.8,NA,1,100.0,0,3.9,21.3,NA,1,100.0,1988,358,0,5.7
173,40%,nonunit,56860,77264,151.3,NA,1,100.0,145.5,NA,1,100.0,5631,3.9,167.1,NA,1,100.0,958,0.1,152.7,NA,1,100.0,0,0,148.7,NA,1,100.0,5197,634,0,2.3
175,40%,nonunit,3523,6446,1.5,NA,1,100.0,1.7,NA,1,100.0,394,0.1,1.8,NA,1,100.0,263,0,1.6,NA,1,100.0,0,0.1,1.8,NA,1,100.0,394,238,0,0.2
177,40%,nonunit,5066,9112,3.6,NA,1,100.0,4.1,NA,1,100.0,568,0.3,4.1,NA,1,100.0,296,<0.1,4.0,NA,1,100.0,0,0.3,4.9,NA,1,100.0,568,268,0,0.7
179,40%,nonunit,15783,24663,9.2,NA,1,100.0,8.9,NA,1,100.0,1695,0.2,13.1,NA,1,100.0,371,<0.1,12.1,NA,1,100.0,0,3.0,14.0,NA,1,100.0,1695,336,0,3.2
181,40%,nonunit,18096,28281,13.1,NA,1,100.0,13.5,NA,1,100.0,1997,0.2,18.4,NA,1,100.0,436,<0.1,17.5,NA,1,100.0,0,3.8,20.1,NA,1,100.0,1997,360,0,4.0
183,40%,nonunit,72420,118362,275.6,NA,1,100.0,276.2,NA,1,100.0,4303,0.1,274.8,NA,1,100.0,1060,0.2,274.8,NA,1,100.0,0,0,300.7,NA,1,100.0,4288,698,0,0.2
185,40%,nonunit,3523,6446,2.2,NA,1,100.0,2.4,NA,1,100.0,423,0.1,2.4,NA,1,100.0,276,<0.1,2.2,NA,1,100.0,0,0.1,2.5,NA,1,100.0,423,238,0,0.2
187,40%,nonunit,4227,7734,2.8,NA,1,100.0,3.0,NA,1,100.0,483,0.2,3.3,NA,1,100.0,283,0,3.0,NA,1,100.0,0,0.2,3.3,NA,1,100.0,483,242,0,0.3
189,40%,nonunit,7400,13600,7.6,NA,1,100.0,7.7,NA,1,100.0,814,0.3,9.2,NA,1,100.0,386,<0.1,8.1,NA,1,100.0,0,0.5,8.6,NA,1,100.0,814,328,0,0.8
191,40%,nonunit,4579,8378,3.1,NA,1,100.0,3.1,NA,1,100.0,537,0.2,3.5,NA,1,100.0,328,<0.1,3.2,NA,1,100.0,0,0.2,3.5,NA,1,100.0,537,264,0,0.4
193,40%,nonunit,7030,12920,7.0,NA,1,100.0,6.9,NA,1,100.0,788,0.3,8.2,NA,1,100.0,399,<0.1,7.4,NA,1,100.0,0,0.4,7.7,NA,1,100.0,788,339,0,0.7
195,40%,nonunit,1150,81068,3591.5,17.0,1,20.0,3591.5,17.3,1,19.8,10568,<0.1,3591.2,18.6,1,14.8,4991,0.1,3591.9,19.8,1,6.7,8412,14.7,3591.5,19.2,1,11.9,10568,1953,1845,3.2
197,40%,nonunit,1534,127011,3590.2,18.1,1,14.9,3591.5,18.4,1,14.5,10026,<0.1,3591.5,19.0,1,10.8,4740,0.1,3592.0,21.0,1,3.1,4917,11.8,3591.5,20.6,1,5.7,10026,948,2455,5.7
199,40%,nonunit,1534,126163,3591.5,18.4,1,14.6,3591.6,18.1,1,14.5,10002,<0.1,3591.5,19.0,1,11.7,5214,0.1,3592.0,20.6,1,2.9,4932,12.1,3591.5,20.0,1,6.2,10002,1185,2457,5.8
1,50%,nonunit,6160,40207,3.3,NA,1,100.0,3.3,NA,1,100.0,2822,<0.1,4.1,NA,1,100.0,218,<0.1,3.2,NA,1,100.0,0,0.1,4.4,NA,1,100.0,2822,218,0,0.2
3,50%,nonunit,60541,48418,11.6,NA,1,100.0,11.4,NA,1,100.0,0,0,18.5,NA,1,100.0,0,0,11.6,NA,1,100.0,0,0,17.9,NA,1,100.0,0,0,0,0
5,50%,nonunit,200,798,15.7,NA,2159,77.4,3.9,NA,81,94.4,1265,0.5,7.7,NA,661,83.4,122,0,9.8,NA,1148,80.6,929,0.7,4.0,NA,64,95.1,1255,98,383,0.8
7,50%,nonunit,8794,10121,8.2,NA,1,100.0,5.3,NA,1,100.0,1915,1.1,4.3,NA,1,100.0,115,0,9.2,NA,1,100.0,0,1.1,7.6,NA,1,100.0,1815,115,0,2.6
9,50%,nonunit,38452,174645,3550.7,0.2,12360,0,3500.8,0.2,13890,0,12000,0.1,3543.0,<0.1,14401,77.5,5651,1.0,3495.5,0.2,12357,0,0,<0.1,3533.6,<0.1,17366,80.9,12000,5044,0,1.0
11,50%,nonunit,9877,25973,32.6,NA,6193,66.7,33.4,NA,4558,66.7,9149,0.5,10.2,NA,1,100.0,868,0.1,36.6,NA,6193,66.7,0,1.4,12.9,NA,1,100.0,5949,440,0,1.5
13,50%,nonunit,45307,36697,7.5,NA,1,100.0,7.6,NA,1,100.0,0,0,10.9,NA,1,100.0,0,0,7.7,NA,1,100.0,0,0,10.8,NA,1,100.0,0,0,0,0
15,50%,nonunit,53610,42940,9.1,NA,1,100.0,9.0,NA,1,100.0,0,0,13.2,NA,1,100.0,0,0,8.7,NA,1,100.0,0,0,13.0,NA,1,100.0,0,0,0,0
17,50%,nonunit,23541,34233,46.9,NA,1,100.0,30.6,NA,1,100.0,4666,0.1,51.4,NA,1,100.0,539,<0.1,46.8,NA,1,100.0,0,0,37.8,NA,1,100.0,4588,374,0,0.2
19,50%,nonunit,200,862,52.5,NA,7927,73.5,13.2,NA,949,89.1,1406,0.8,40.7,NA,6988,77.9,147,0,43.3,NA,6009,76.5,771,0.6,12.3,NA,924,88.4,1194,106,378,0.7
21,50%,nonunit,24765,19655,2.4,NA,1,100.0,2.4,NA,1,100.0,0,0,3.3,NA,1,100.0,0,0,2.3,NA,1,100.0,0,0,3.4,NA,1,100.0,0,0,0,0
23,50%,nonunit,27717,133665,3517.5,0.5,22817,0,3577.6,0.5,14603,0,12000,0.1,3535.3,<0.1,30101,88.8,4116,0.6,3552.1,0.5,22901,0,0,<0.1,3570.1,<0.1,20779,89.5,12000,3658,0,0.8
25,50%,nonunit,23194,18295,1.9,NA,1,100.0,2.0,NA,1,100.0,0,0,2.9,NA,1,100.0,0,0,2.0,NA,1,100.0,0,0,2.9,NA,1,100.0,0,0,0,0
27,50%,nonunit,65866,52435,13.0,NA,1,100.0,13.3,NA,1,100.0,0,0,20.9,NA,1,100.0,0,0,13.1,NA,1,100.0,0,0,21.0,NA,1,100.0,0,0,0,0
29,50%,nonunit,13431,16234,7.7,NA,1,100.0,8.0,NA,1,100.0,1888,0.1,7.3,NA,1,100.0,260,<0.1,8.7,NA,1,100.0,0,1.0,9.5,NA,1,100.0,1907,251,0,1.1
31,50%,nonunit,200,813,830.5,NA,120763,78.3,64.7,NA,4841,89.3,1776,0.7,311.3,NA,64015,81.1,235,0.1,671.1,NA,95795,79.5,1139,1.2,110.2,NA,12144,89.2,1788,143,384,0.9
33,50%,nonunit,4410,6885,3.7,NA,1,100.0,4.9,NA,1,100.0,1390,3.0,2.6,NA,1,100.0,367,0,5.7,NA,1,100.0,0,1.9,7.3,NA,1,100.0,1390,182,0,5.2
35,50%,nonunit,200,864,465.8,NA,61933,69.8,61.8,NA,4734,86.9,2076,0.8,390.1,NA,71953,74.6,170,0.1,493.7,NA,86121,69.4,714,0.8,91.6,NA,8179,87.0,2059,119,382,1.2
37,50%,nonunit,198,808,28.5,NA,3053,80.2,6.5,NA,164,93.5,1750,0.6,9.8,NA,982,80.9,112,0,45.4,NA,7546,76.3,574,0.3,7.7,NA,197,93.6,1786,91,377,0.9
39,50%,nonunit,6795,10620,5.5,NA,1,100.0,11.9,NA,1,100.0,2096,7.8,6.1,NA,1,100.0,433,<0.1,10.1,NA,1,100.0,0,4.5,16.1,NA,1,100.0,2096,195,0,11.8
41,50%,nonunit,200,1023,1139.9,NA,200267,73.8,46.9,NA,3009,87.9,1936,0.7,336.4,NA,41838,77.1,247,<0.1,2031.1,NA,297622,72.2,396,0.5,42.8,NA,2060,89.4,2112,147,388,1.1
43,50%,nonunit,200,841,242.7,NA,57036,80.6,29.8,NA,2665,92.0,1421,0.6,54.3,NA,9379,86.1,256,0,84.1,NA,12061,85.0,782,0.5,16.0,NA,1056,92.2,1797,150,388,1.1
45,50%,nonunit,200,1020,979.8,NA,127915,71.3,25.0,NA,788,90.5,2553,1.3,346.1,NA,43284,76.7,226,<0.1,481.1,NA,52701,74.3,1290,0.9,54.5,NA,2732,89.4,2599,149,384,1.4
47,50%,nonunit,200,1093,3379.9,0.3,264608,69.2,117.3,NA,4570,87.3,2556,1.0,1603.3,NA,193157,76.6,275,0.2,3533.2,0.4,393521,70.5,1012,1.1,174.1,NA,10353,88.6,2311,146,377,1.1
49,50%,nonunit,200,933,727.0,NA,105512,70.4,16.9,NA,725,91.1,2024,0.7,133.5,NA,18461,77.4,179,0,140.7,NA,19646,71.1,1204,0.9,14.8,NA,525,90.0,1843,137,389,0.8
51,50%,nonunit,200,1098,3446.1,0.4,272893,70.4,197.3,NA,17559,86.7,2028,0.8,913.2,NA,120885,75.1,262,0.1,2461.5,NA,230595,71.6,790,0.6,277.1,NA,17156,87.6,2378,148,378,1.4
53,50%,nonunit,200,1026,718.7,NA,74004,73.1,57.1,NA,3643,90.2,2529,1.0,494.9,NA,66577,77.7,223,0.1,709.3,NA,81325,74.0,1168,0.8,32.8,NA,1408,89.9,2165,145,380,1.0
55,50%,nonunit,200,938,123.4,NA,15117,73.3,15.2,NA,534,91.8,2202,0.9,57.2,NA,7034,76.8,192,0,185.4,NA,21375,72.5,892,0.8,12.5,NA,292,91.2,2391,145,356,1.2
57,50%,nonunit,200,1160,3462.8,0.3,244093,72.5,79.6,NA,2868,90.4,3136,1.5,795.7,NA,104112,78.0,327,0.1,3519.4,0.4,311930,71.3,596,0.7,128.4,NA,5405,89.8,2578,164,384,1.3
59,50%,nonunit,200,961,2595.8,NA,428162,67.7,114.7,NA,10758,85.1,1674,0.5,387.2,NA,65421,74.3,234,0.1,1749.1,NA,281781,71.8,773,0.8,67.3,NA,3587,86.8,2138,148,379,0.9
61,50%,nonunit,200,931,205.7,NA,28882,71.2,23.5,NA,1618,90.8,2127,0.8,45.0,NA,5808,80.3,186,0,80.8,NA,10782,75.4,968,0.6,18.1,NA,837,89.3,1956,131,386,0.9
63,50%,nonunit,200,1011,1534.9,NA,197293,71.9,36.2,NA,2029,90.5,2381,1.0,320.3,NA,26002,78.4,214,<0.1,1061.3,NA,101008,72.1,967,0.7,31.8,NA,1032,89.7,2435,146,392,1.1
65,50%,nonunit,200,1011,210.4,NA,20928,77.0,17.1,NA,382,93.4,2334,1.2,99.9,NA,10620,83.4,210,0,354.9,NA,26770,76.7,793,0.6,17.0,NA,489,92.6,2107,144,397,1.0
67,50%,nonunit,200,1174,3505.4,0.3,216112,72.2,151.0,NA,6088,88.5,2376,0.8,555.7,NA,52838,78.3,326,0.1,3407.1,0.2,278879,71.0,1313,1.0,241.3,NA,13261,89.2,2870,159,390,1.6
69,50%,nonunit,200,1083,3504.6,0.4,264532,68.2,253.5,NA,12991,85.9,2113,0.8,3488.1,0.2,377978,75.6,310,0.4,3517.5,0.6,246301,70.9,901,0.9,282.3,NA,15752,86.2,2325,147,381,1.3
71,50%,nonunit,200,952,3519.1,0.3,353343,71.0,86.0,NA,3713,88.4,2747,1.5,1152.4,NA,140296,73.3,183,0.1,3430.4,NA,416408,69.9,1515,1.5,154.3,NA,8620,88.4,2518,136,397,1.2
73,50%,nonunit,200,1078,398.4,NA,24345,73.5,29.7,NA,931,90.8,2027,0.7,254.8,NA,25994,79.0,253,0,536.3,NA,43557,73.3,1144,0.8,26.1,NA,603,91.6,2502,148,388,1.3
75,50%,nonunit,26300,41500,52.8,NA,1,100.0,32.4,NA,1,100.0,4497,0.2,48.7,NA,1,100.0,819,<0.1,52.1,NA,1,100.0,0,<0.1,41.4,NA,1,100.0,4449,522,0,0.2
77,50%,nonunit,200,961,2594.5,NA,428162,67.7,114.7,NA,10758,85.1,1674,0.5,387.9,NA,65421,74.3,234,<0.1,1752.2,NA,281781,71.8,773,0.8,67.2,NA,3587,86.8,2138,148,379,0.9
79,50%,nonunit,26300,41500,58.4,NA,1,100.0,33.0,NA,1,100.0,4559,0.2,51.5,NA,1,100.0,896,<0.1,55.6,NA,1,100.0,0,<0.1,37.0,NA,1,100.0,4558,522,0,0.2
81,50%,nonunit,199,1091,3549.2,0.7,188001,67.7,224.8,NA,7835,88.5,3259,1.2,2089.7,NA,175360,74.9,264,0.2,3528.0,0.8,202301,66.2,1184,1.0,195.1,NA,6501,87.5,2715,145,394,1.1
83,50%,nonunit,200,1172,3511.3,1.1,176901,70.7,1154.5,NA,34437,85.2,3247,1.2,3454.4,1.0,230401,71.5,306,0.3,3523.6,1.2,170044,66.1,1531,1.3,2933.1,NA,117919,85.1,3273,154,392,2.0
85,50%,nonunit,11470,17408,15.2,NA,1,100.0,17.2,NA,1,100.0,2937,10.0,11.8,NA,1,100.0,434,<0.1,15.2,NA,1,100.0,0,0,18.0,NA,1,100.0,2937,215,0,10.0
87,50%,nonunit,13590,21240,18.6,NA,1,100.0,20.3,NA,1,100.0,3321,0.1,18.7,NA,1,100.0,473,<0.1,19.0,NA,1,100.0,0,0,21.0,NA,1,100.0,3321,334,0,0.1
89,50%,nonunit,57316,77978,385.6,NA,743,100.0,303.7,NA,7,100.0,16979,3.9,696.5,NA,3095,99.9,1135,0.1,389.6,NA,743,100.0,0,<0.1,322.6,NA,7,100.0,17095,636,0,4.0
91,50%,nonunit,200,1163,3529.9,1.0,265001,68.3,1061.4,NA,37442,86.2,2877,0.9,3529.7,0.5,287343,75.6,340,0.4,3519.8,1.0,194316,70.0,1519,1.3,1736.9,NA,88087,86.1,2854,171,392,1.5
93,50%,nonunit,200,1162,3442.7,0.9,269701,66.3,2388.2,NA,147857,84.1,2843,1.3,3488.3,0.4,360601,76.4,329,0.5,3434.7,0.8,218201,65.9,1295,1.0,1246.7,NA,62630,83.8,2724,158,390,1.5
95,50%,nonunit,15783,24663,25.8,NA,1,100.0,20.1,NA,1,100.0,3719,0.1,29.8,NA,1,100.0,728,0.1,25.6,NA,1,100.0,0,0,21.6,NA,1,100.0,3719,462,0,0.1
97,50%,nonunit,18096,28281,30.2,NA,1,100.0,25.8,NA,1,100.0,3588,0.1,32.7,NA,1,100.0,746,0.1,29.9,NA,1,100.0,0,0,27.9,NA,1,100.0,3588,476,0,0.1
99,50%,nonunit,26300,41500,51.0,NA,1,100.0,38.6,NA,1,100.0,4544,0.2,49.9,NA,1,100.0,863,0.1,50.4,NA,1,100.0,0,0,42.0,NA,1,100.0,4550,522,0,0.2
101,50%,nonunit,26300,41500,50.0,NA,1,100.0,41.5,NA,1,100.0,4472,0.2,45.6,NA,1,100.0,864,0.1,49.0,NA,1,100.0,0,0,39.3,NA,1,100.0,4470,522,0,0.2
103,50%,nonunit,15783,24663,27.8,NA,1,100.0,18.0,NA,1,100.0,3670,0.1,24.0,NA,1,100.0,723,0.1,28.4,NA,1,100.0,0,0,20.2,NA,1,100.0,3670,453,0,0.1
105,50%,nonunit,26300,41500,55.7,NA,1,100.0,40.2,NA,1,100.0,4484,0.2,51.4,NA,1,100.0,850,<0.1,54.6,NA,1,100.0,0,0,44.8,NA,1,100.0,4483,522,0,0.2
107,50%,nonunit,13590,21240,16.3,NA,1,100.0,11.9,NA,1,100.0,3249,<0.1,20.4,NA,1,100.0,490,0.1,16.3,NA,1,100.0,0,0,12.9,NA,1,100.0,3249,338,0,0.1
109,50%,nonunit,66992,90970,427.9,NA,28,100.0,505.8,NA,1,100.0,17109,1.6,432.5,NA,139,100.0,1054,0.2,412.9,NA,28,100.0,0,0,454.1,NA,1,100.0,16223,666,0,2.3
111,50%,nonunit,450,17831,3480.8,9.6,1559,49.7,3519.6,12.8,611,55.4,10591,<0.1,3579.9,15.3,1,52.9,22532,0.7,3591.5,18.0,1,40.7,16638,8.8,3591.5,14.9,1,56.8,10591,11524,900,0.8
113,50%,nonunit,26300,41500,54.3,NA,1,100.0,35.3,NA,1,100.0,4518,0.2,47.3,NA,1,100.0,857,<0.1,47.7,NA,1,100.0,0,<0.1,45.1,NA,1,100.0,4520,522,0,0.2
115,50%,nonunit,18096,28281,38.3,NA,1,100.0,23.8,NA,1,100.0,3806,0.1,39.4,NA,1,100.0,728,<0.1,38.2,NA,1,100.0,0,<0.1,26.0,NA,1,100.0,3806,476,0,0.1
117,50%,nonunit,18096,28281,32.1,NA,1,100.0,31.7,NA,1,100.0,3651,0.1,36.1,NA,1,100.0,737,<0.1,35.4,NA,1,100.0,0,0,34.6,NA,1,100.0,3651,476,0,0.1
119,50%,nonunit,18096,28281,32.2,NA,1,100.0,30.9,NA,1,100.0,3813,0.2,35.8,NA,1,100.0,795,<0.1,36.1,NA,1,100.0,0,<0.1,29.2,NA,1,100.0,3813,476,0,0.1
121,50%,nonunit,18096,28281,35.6,NA,1,100.0,33.6,NA,1,100.0,3804,0.1,36.3,NA,1,100.0,760,<0.1,34.0,NA,1,100.0,0,0,33.6,NA,1,100.0,3804,476,0,0.1
123,50%,nonunit,26300,41500,141.4,NA,1,100.0,132.1,NA,1,100.0,4515,0.2,146.0,NA,1,100.0,868,<0.1,140.7,NA,1,100.0,0,0,145.0,NA,1,100.0,4517,522,0,0.2
125,50%,nonunit,26300,41500,60.2,NA,1,100.0,36.1,NA,1,100.0,4501,0.3,46.0,NA,1,100.0,835,<0.1,54.2,NA,1,100.0,0,0,40.3,NA,1,100.0,4500,522,0,0.2
127,50%,nonunit,18096,28281,34.0,NA,1,100.0,18.9,NA,1,100.0,3524,0.1,34.4,NA,1,100.0,725,0.1,34.6,NA,1,100.0,0,<0.1,20.9,NA,1,100.0,3524,476,0,0.1
129,50%,nonunit,15783,24663,21.2,NA,1,100.0,23.0,NA,1,100.0,3879,0.2,33.9,NA,1,100.0,725,0.1,23.3,NA,1,100.0,0,0,22.9,NA,1,100.0,3879,462,0,0.1
131,50%,nonunit,2980,5360,2.2,NA,1,100.0,3.3,NA,1,100.0,1132,2.0,1.7,NA,1,100.0,292,0,3.0,NA,1,100.0,0,0.7,4.1,NA,1,100.0,1132,174,0,2.6
133,50%,nonunit,15783,24663,26.8,NA,1,100.0,25.3,NA,1,100.0,3480,0.1,33.7,NA,1,100.0,732,<0.1,28.2,NA,1,100.0,0,0,26.1,NA,1,100.0,3480,462,0,0.1
135,50%,nonunit,26300,41500,54.7,NA,1,100.0,42.2,NA,1,100.0,4426,0.2,48.4,NA,1,100.0,843,<0.1,55.4,NA,1,100.0,0,0,47.5,NA,1,100.0,4425,522,0,0.2
137,50%,nonunit,26300,41500,52.9,NA,1,100.0,40.8,NA,1,100.0,4563,0.2,52.7,NA,1,100.0,861,<0.1,55.2,NA,1,100.0,0,0,54.8,NA,1,100.0,4552,522,0,0.2
139,50%,nonunit,18096,28281,31.1,NA,1,100.0,26.2,NA,1,100.0,3675,0.1,33.6,NA,1,100.0,752,<0.1,32.9,NA,1,100.0,0,0,29.6,NA,1,100.0,3675,476,0,0.1
141,50%,nonunit,18096,28281,40.9,NA,2,100.0,36.2,NA,1,100.0,3632,0.1,44.1,NA,1,100.0,758,<0.1,36.5,NA,2,100.0,0,<0.1,34.0,NA,1,100.0,3632,476,0,0.1
143,50%,nonunit,18096,28281,34.4,NA,1,100.0,25.0,NA,1,100.0,3849,0.1,37.0,NA,1,100.0,788,<0.1,34.4,NA,1,100.0,0,<0.1,29.1,NA,1,100.0,3849,476,0,0.1
145,50%,nonunit,18096,28281,35.8,NA,1,100.0,22.7,NA,1,100.0,3556,0.2,37.0,NA,1,100.0,792,0.1,42.8,NA,1,100.0,0,0,25.7,NA,1,100.0,3556,476,0,0.1
147,50%,nonunit,18096,28281,50.6,NA,1,100.0,30.6,NA,1,100.0,3723,0.1,50.4,NA,1,100.0,800,0.1,47.9,NA,1,100.0,0,0,32.2,NA,1,100.0,3723,476,0,0.1
149,50%,nonunit,26300,41500,59.2,NA,1,100.0,49.7,NA,1,100.0,4492,0.3,55.1,NA,1,100.0,839,<0.1,59.6,NA,1,100.0,0,0,47.1,NA,1,100.0,4506,522,0,0.2
151,50%,nonunit,15783,24663,34.3,NA,1,100.0,30.3,NA,1,100.0,3832,0.1,33.0,NA,1,100.0,724,<0.1,34.2,NA,1,100.0,0,0,32.1,NA,1,100.0,3832,462,0,0.1
153,50%,nonunit,29076,45570,86.5,NA,1,100.0,71.3,NA,1,100.0,5782,0.5,87.5,NA,1,100.0,918,<0.1,83.9,NA,1,100.0,0,0,59.0,NA,1,100.0,5549,534,0,0.4
155,50%,nonunit,26300,41500,60.5,NA,1,100.0,51.7,NA,1,100.0,4438,0.2,46.5,NA,1,100.0,808,0.1,60.1,NA,1,100.0,0,<0.1,47.9,NA,1,100.0,4437,522,0,0.3
157,50%,nonunit,2980,5360,2.8,NA,1,100.0,4.2,NA,1,100.0,1157,1.9,2.1,NA,1,100.0,280,<0.1,3.6,NA,1,100.0,0,0.7,5.0,NA,1,100.0,1157,174,0,2.7
159,50%,nonunit,18096,28281,44.6,NA,1,100.0,31.1,NA,1,100.0,3759,0.1,46.8,NA,1,100.0,732,<0.1,42.4,NA,1,100.0,0,0,31.5,NA,1,100.0,3759,476,0,0.1
161,50%,nonunit,138141,227241,2805.8,NA,2,100.0,3076.7,NA,1,100.0,14030,0.7,3592.5,18.3,1,100.0,1593,0.3,2787.4,NA,2,100.0,0,<0.1,3477.3,NA,1,100.0,14006,768,0,1.1
163,50%,nonunit,18096,28281,31.2,NA,1,100.0,24.5,NA,1,100.0,3686,0.1,34.4,NA,1,100.0,778,0.1,30.2,NA,1,100.0,0,0,27.7,NA,1,100.0,3686,476,0,0.1
165,50%,nonunit,18096,28281,35.8,NA,1,100.0,27.5,NA,1,100.0,3814,0.1,32.1,NA,1,100.0,787,<0.1,35.8,NA,1,100.0,0,0,29.3,NA,1,100.0,3814,476,0,0.1
167,50%,nonunit,15783,24663,29.0,NA,1,100.0,20.5,NA,1,100.0,3541,0.1,26.6,NA,1,100.0,731,<0.1,28.2,NA,1,100.0,0,0,22.4,NA,1,100.0,3541,462,0,0.1
169,50%,nonunit,4768,8576,3.9,NA,1,100.0,9.3,NA,1,100.0,1655,6.5,4.0,NA,1,100.0,388,<0.1,5.7,NA,1,100.0,0,1.8,10.5,NA,1,100.0,1655,186,0,7.6
171,50%,nonunit,18096,28281,34.1,NA,1,100.0,27.3,NA,1,100.0,3692,0.1,38.2,NA,1,100.0,791,0,34.9,NA,1,100.0,0,0,29.5,NA,1,100.0,3692,476,0,0.1
173,50%,nonunit,56860,77264,280.0,NA,142,100.0,268.9,NA,1,100.0,15722,4.3,249.0,NA,16,100.0,1130,0.1,275.2,NA,142,100.0,0,<0.1,262.0,NA,1,100.0,16007,634,0,3.6
175,50%,nonunit,3523,6446,4.1,NA,1,100.0,5.7,NA,1,100.0,1302,2.9,4.0,NA,1,100.0,368,<0.1,5.1,NA,1,100.0,0,1.0,6.8,NA,1,100.0,1302,178,0,3.9
177,50%,nonunit,5066,9112,3.8,NA,1,100.0,9.2,NA,1,100.0,1740,6.7,4.0,NA,1,100.0,380,<0.1,5.9,NA,1,100.0,0,2.1,13.3,NA,1,100.0,1740,188,0,10.4
179,50%,nonunit,15783,24663,33.6,NA,1,100.0,23.1,NA,1,100.0,3729,0.1,29.6,NA,1,100.0,715,<0.1,34.0,NA,1,100.0,0,0,25.5,NA,1,100.0,3729,460,0,0.1
181,50%,nonunit,18096,28281,33.5,NA,1,100.0,28.0,NA,1,100.0,3645,0.1,35.1,NA,1,100.0,761,<0.1,33.2,NA,1,100.0,0,0,31.6,NA,1,100.0,3645,476,0,0.1
183,50%,nonunit,72420,118362,530.7,NA,1,100.0,588.0,NA,1,100.0,8701,0.2,603.0,NA,1,100.0,1088,0.1,528.3,NA,1,100.0,0,<0.1,598.8,NA,1,100.0,8405,698,0,0.3
185,50%,nonunit,3523,6446,2.4,NA,1,100.0,4.6,NA,1,100.0,1275,2.9,2.4,NA,1,100.0,368,0,3.3,NA,1,100.0,0,0.9,5.8,NA,1,100.0,1275,178,0,4.0
187,50%,nonunit,4227,7734,3.8,NA,1,100.0,6.3,NA,1,100.0,1481,4.3,2.6,NA,1,100.0,366,<0.1,5.2,NA,1,100.0,0,1.4,8.4,NA,1,100.0,1481,183,0,6.2
189,50%,nonunit,7400,13600,7.5,NA,1,100.0,15.1,NA,1,100.0,2466,10.0,7.8,NA,1,100.0,434,0,12.1,NA,1,100.0,0,4.7,19.9,NA,1,100.0,2475,201,0,14.4
191,50%,nonunit,4579,8378,4.7,NA,1,100.0,8.0,NA,1,100.0,1622,5.2,3.9,NA,1,100.0,371,<0.1,6.3,NA,1,100.0,0,1.7,9.9,NA,1,100.0,1622,185,0,7.0
193,50%,nonunit,7030,12920,6.6,NA,1,100.0,15.5,NA,1,100.0,2425,10.0,9.2,NA,1,100.0,453,<0.1,10.8,NA,1,100.0,0,4.0,19.9,NA,1,100.0,2413,199,0,14.0
195,50%,nonunit,1150,81068,3591.5,20.3,1,19.8,3591.5,20.6,1,18.5,10568,<0.1,3575.5,21.7,1,14.4,5642,0.1,3591.7,24.3,1,3.5,4600,9.5,3591.6,24.6,1,2.0,2642,434,2300,4.7
197,50%,nonunit,1534,127011,3592.0,22.5,1,12.6,3591.5,21.6,1,13.2,10026,<0.1,3591.3,23.3,1,8.5,4266,0.1,3591.6,24.9,1,0,1534,4.2,3591.7,24.9,1,0,1671,237,1534,4.3
199,50%,nonunit,1534,126163,3591.5,22.1,1,12.8,3591.5,21.8,1,13.1,10002,<0.1,3591.6,24.1,1,3.5,1422,<0.1,3591.6,24.9,1,0,1534,4.2,3591.7,24.9,1,0,1667,237,1534,4.9
1,60%,nonunit,6160,40207,3.2,NA,1,100.0,3.3,NA,1,100.0,0,0,4.3,NA,1,100.0,0,0,3.2,NA,1,100.0,0,0,4.5,NA,1,100.0,0,0,0,0
3,60%,nonunit,60541,48418,10.7,NA,1,100.0,10.9,NA,1,100.0,0,0,17.8,NA,1,100.0,0,0,10.7,NA,1,100.0,0,0,17.7,NA,1,100.0,0,0,0,0
5,60%,nonunit,200,798,636.0,NA,520147,0,255.0,NA,235467,0,319,0.5,63.5,NA,37510,0,103,<0.1,1106.0,NA,865210,0,610,1.1,12.1,NA,1273,24.3,2575,78,306,1.3
7,60%,nonunit,8794,10121,0.6,NA,1,100.0,0.6,NA,1,100.0,0,0,0.9,NA,1,100.0,0,0,0.5,NA,1,100.0,0,0,0.8,NA,1,100.0,0,0,0,0
9,60%,nonunit,38452,174645,65.1,NA,1,100.0,64.4,NA,1,100.0,3000,<0.1,89.3,NA,1,100.0,331,<0.1,64.5,NA,1,100.0,0,0,89.0,NA,1,100.0,3000,331,0,<0.1
11,60%,nonunit,9877,25973,2.1,NA,1,100.0,2.4,NA,1,100.0,1836,0.3,3.5,NA,1,100.0,218,<0.1,2.3,NA,1,100.0,0,0.2,3.8,NA,1,100.0,1836,218,0,0.5
13,60%,nonunit,45307,36697,6.3,NA,1,100.0,6.1,NA,1,100.0,0,0,8.9,NA,1,100.0,0,0,6.1,NA,1,100.0,0,0,8.9,NA,1,100.0,0,0,0,0
15,60%,nonunit,53610,42940,8.7,NA,1,100.0,8.6,NA,1,100.0,0,0,12.7,NA,1,100.0,0,0,8.6,NA,1,100.0,0,0,12.6,NA,1,100.0,0,0,0,0
17,60%,nonunit,23541,34233,12.3,NA,1,100.0,12.4,NA,1,100.0,803,<0.1,14.8,NA,1,100.0,251,<0.1,13.0,NA,1,100.0,0,0.6,15.7,NA,1,100.0,803,251,0,0.6
19,60%,nonunit,200,862,2307.0,NA,1884978,0,258.9,NA,127135,0,347,0.3,2234.9,NA,2439963,0,107,2.5,1498.4,NA,1162899,0,304,1.2,36.2,NA,5533,15.8,2462,114,304,1.0
21,60%,nonunit,24765,19655,1.9,NA,1,100.0,1.9,NA,1,100.0,0,0,2.7,NA,1,100.0,0,0,1.9,NA,1,100.0,0,0,2.8,NA,1,100.0,0,0,0,0
23,60%,nonunit,27717,133665,45.4,NA,1,100.0,45.0,NA,1,100.0,3000,<0.1,58.1,NA,1,100.0,303,<0.1,51.1,NA,1,100.0,0,5.4,65.6,NA,1,100.0,3000,303,0,5.7
25,60%,nonunit,23194,18295,1.6,NA,1,100.0,1.7,NA,1,100.0,0,0,2.4,NA,1,100.0,0,0,1.6,NA,1,100.0,0,0,2.4,NA,1,100.0,0,0,0,0
27,60%,nonunit,65866,52435,12.6,NA,1,100.0,12.6,NA,1,100.0,0,0,20.3,NA,1,100.0,0,0,12.4,NA,1,100.0,0,0,21.1,NA,1,100.0,0,0,0,0
29,60%,nonunit,13431,16234,1.1,NA,1,100.0,1.1,NA,1,100.0,0,0,1.8,NA,1,100.0,0,0,1.1,NA,1,100.0,0,0,1.8,NA,1,100.0,0,0,0,0
31,60%,nonunit,200,813,3396.9,1.2,2757030,0,476.3,NA,89546,40.3,1459,0.6,1257.9,NA,512707,28.8,308,0.6,3474.0,1.1,2307001,0,155,4.1,475.0,NA,83158,42.7,1708,183,155,0.9
33,60%,nonunit,4410,6885,3549.9,<0.1,1038283,0,16.0,NA,224,97.1,7149,6.7,8.1,NA,366,97.1,826,<0.1,3501.7,<0.1,1001304,0,0,2.1,93.5,NA,212,97.1,21109,364,0,52.5
35,60%,nonunit,200,864,3486.3,0.7,2369773,0,1754.9,NA,1122013,0,310,1.8,3384.3,0.3,2436001,0,100,3.8,3511.0,0.5,2346002,0,154,3.8,290.2,NA,49673,18.4,2164,86,154,0.9
37,60%,nonunit,198,808,2902.9,NA,2461603,0,284.9,NA,173042,0,300,0.3,294.6,NA,222160,0,95,0.2,2966.8,NA,2461603,0,156,2.3,41.8,NA,5416,26.5,2364,74,310,0.9
39,60%,nonunit,6795,10620,3510.0,<0.1,504401,0,48.9,NA,1861,96.4,11560,15.2,3519.1,<0.1,644042,0,780,1.3,3446.3,<0.1,462470,0,0,1.6,101.0,NA,1470,96.4,21635,390,0,41.2
41,60%,nonunit,200,1023,3475.3,1.3,2205615,0,727.7,NA,81822,38.3,2064,0.8,3041.7,NA,1180658,21.8,343,1.4,3459.5,1.3,2237906,0,156,3.8,816.2,NA,102705,38.0,2458,165,156,1.3
43,60%,nonunit,200,841,3490.5,1.0,2560371,0,146.1,NA,25017,50.2,1773,0.5,236.2,NA,81583,37.3,336,0.1,3549.5,1.0,2569828,0,158,4.4,91.5,NA,13572,49.8,1655,194,316,0.9
45,60%,nonunit,200,1020,3478.2,0.7,2475514,0,269.6,NA,30286,29.2,2460,0.8,2798.0,NA,1472242,0,185,1.1,3496.2,0.8,2225713,0,490,3.7,267.1,NA,28947,26.9,2375,142,160,0.9
47,60%,nonunit,200,1093,3501.2,1.1,2144972,0,849.4,NA,102427,28.9,1864,0.7,2751.1,NA,1174880,4.1,225,1.1,3488.6,1.0,2100438,0,610,3.6,752.8,NA,72505,32.6,1962,145,310,1.1
49,60%,nonunit,200,933,3504.6,0.7,2380717,0,286.7,NA,41696,27.5,2118,0.7,3495.5,0.2,2317232,0,131,2.9,3507.2,0.8,2437701,0,612,4.0,220.6,NA,32143,27.5,2136,112,159,1.0
51,60%,nonunit,200,1098,3432.9,1.1,1899058,0,1212.0,NA,166747,32.3,1747,0.8,3500.1,0.2,1031193,15.6,315,1.2,3500.4,1.3,1957297,0,616,3.5,1480.5,NA,172759,35.4,2088,196,318,1.6
53,60%,nonunit,200,1026,3541.4,1.1,2641601,0,1039.6,NA,139546,34.3,2205,1.1,1686.5,NA,868666,2.5,213,0.9,3518.4,1.1,2571501,0,160,4.8,1031.0,NA,129437,33.6,1969,150,306,1.2
55,60%,nonunit,200,938,3532.0,0.1,2774902,0,52.3,NA,7241,21.4,2317,0.7,709.0,NA,524105,<0.1,145,0.7,3488.2,0.4,2403952,0,607,3.7,63.9,NA,8826,21.3,2173,124,155,0.8
57,60%,nonunit,200,1160,3530.0,1.4,1981544,0,1552.1,NA,139987,44.0,1930,0.9,3481.5,0.3,767106,26.6,394,0.9,3412.2,1.4,1999044,0,613,3.4,1896.2,NA,181673,43.0,2065,237,159,1.5
59,60%,nonunit,200,961,3529.8,0.8,2151568,0,364.1,NA,51946,29.0,2132,0.9,1253.6,NA,563461,14.4,285,0.5,3424.6,1.1,2354214,0,282,4.4,404.5,NA,65687,30.1,1862,136,296,0.9
61,60%,nonunit,200,931,3541.7,0.3,2628344,0,191.4,NA,31760,22.4,2157,0.7,3359.4,NA,2553708,0,129,2.3,3522.1,0.6,2351969,0,462,4.0,420.8,NA,66591,23.2,2067,98,312,1.0
63,60%,nonunit,200,1011,3494.3,1.4,2373701,0,818.3,NA,96941,28.9,2562,0.9,3534.7,0.4,1918201,1.4,189,3.0,3537.3,1.2,2243201,0,476,3.6,753.8,NA,80698,29.0,2524,132,320,1.1
65,60%,nonunit,200,1011,3470.0,1.1,2255927,0,162.3,NA,14637,32.4,2549,1.0,897.4,NA,332440,13.5,252,0.2,3488.1,1.1,2223774,0,158,3.6,430.1,NA,43731,32.4,2348,126,316,1.1
67,60%,nonunit,200,1174,3511.2,1.5,2051461,0,2313.3,NA,198403,38.7,2193,1.2,3546.9,0.4,1035538,22.6,373,1.5,3483.2,1.3,2001365,0,638,3.4,3428.6,0.1,253759,38.1,2116,223,160,1.9
69,60%,nonunit,200,1083,3497.7,1.1,2016809,0,284.2,NA,29474,36.2,1829,0.6,1982.7,NA,772282,21.3,315,0.7,3494.9,0.9,1911003,0,310,3.4,458.9,NA,54960,36.3,1817,175,160,0.9
71,60%,nonunit,200,952,3461.6,1.2,2615709,0,98.5,NA,10921,36.6,1981,0.6,1218.4,NA,429659,16.6,217,0.4,3528.6,0.9,2427101,0,465,4.4,122.6,NA,13617,37.9,1825,113,159,0.7
73,60%,nonunit,200,1078,3506.7,1.1,2353413,0,1043.1,NA,98059,32.1,2310,0.8,3537.1,0.3,1067344,17.0,322,1.4,3514.1,1.4,2157211,0,628,4.0,821.4,NA,66813,36.4,2510,153,315,1.2
75,60%,nonunit,26300,41500,3537.8,<0.1,114701,0,3526.1,<0.1,63801,94.6,26646,29.0,3511.0,<0.1,125801,0,1044,0.2,3541.8,<0.1,113201,0,0,0.2,3497.6,<0.1,64701,94.6,26646,522,0,28.4
77,60%,nonunit,200,961,3540.8,0.8,2087168,0,366.1,NA,51946,29.0,2132,0.9,1278.5,NA,563461,14.4,285,0.5,3508.1,1.0,2332301,0,282,4.0,409.6,NA,65687,30.1,1862,136,296,0.8
79,60%,nonunit,26300,41500,3537.1,<0.1,86901,0,3548.7,<0.1,67412,95.9,25397,62.4,3554.2,<0.1,113401,0,1044,0.2,3574.5,<0.1,87701,0,0,0.2,3524.6,<0.1,78501,95.9,26310,522,0,68.6
81,60%,nonunit,199,1091,3499.7,1.8,2082701,0,3474.8,0.2,248739,37.3,2459,1.3,3561.0,0.7,1152201,18.5,302,1.9,3490.9,1.8,1942901,0,476,3.2,3568.8,0.2,265460,35.1,2553,175,159,2.2
83,60%,nonunit,200,1172,3553.4,2.0,2115249,0,3538.8,0.5,244401,35.4,2412,1.5,3516.6,0.9,826501,21.8,448,1.3,3483.0,2.1,1946401,0,316,3.6,3543.7,0.5,238601,35.3,2149,218,158,2.1
85,60%,nonunit,11470,17408,3449.9,<0.1,220501,0,220.0,NA,395,98.0,11003,137.9,3495.7,<0.1,320807,0,860,0.6,3553.9,<0.1,221101,0,0,2.9,351.8,NA,120,98.7,22815,430,0,247.7
87,60%,nonunit,13590,21240,3512.6,<0.1,257201,0,3528.7,<0.1,173071,87.9,21744,89.2,3467.2,<0.1,252522,0,892,0.5,3539.0,<0.1,241601,0,0,3.5,3528.8,<0.1,143101,87.9,23423,446,0,115.3
89,60%,nonunit,57316,77978,3294.2,NA,50101,100.0,2863.3,NA,50101,100.0,10735,1.5,3317.6,NA,65501,100.0,1272,0.1,3280.2,NA,49301,100.0,0,0.1,345.3,NA,1,100.0,16444,1360,0,2.3
91,60%,nonunit,200,1163,3571.8,2.1,2258901,0,3539.3,0.4,259201,36.5,2292,1.6,3565.1,0.7,839901,24.1,462,1.4,3529.5,2.2,2124401,0,482,3.5,3548.3,0.3,263497,37.7,2323,226,159,2.4
93,60%,nonunit,200,1162,3540.8,1.3,1985527,0,1980.4,NA,224265,35.1,1846,0.9,3526.7,0.4,849589,19.7,438,1.3,3554.4,1.3,1918101,0,490,3.5,3463.6,NA,380826,36.2,2178,208,317,2.3
95,60%,nonunit,15783,24663,3565.9,<0.1,243201,0,3551.1,<0.1,124301,92.5,15982,69.8,3520.9,<0.1,238801,0,924,0.4,3559.1,<0.1,223501,0,0,5.0,3465.7,<0.1,128401,92.5,24150,462,0,98.9
97,60%,nonunit,18096,28281,3506.0,<0.1,128601,0,3518.0,<0.1,86668,91.7,25387,101.1,3511.3,<0.1,145301,0,952,0.3,3547.0,<0.1,127001,0,0,6.4,3490.8,<0.1,107201,91.7,24537,476,0,111.5
99,60%,nonunit,26300,41500,3558.1,<0.1,109701,0,3590.5,<0.1,66101,94.5,26385,42.5,3511.0,<0.1,105401,0,1044,0.2,3530.8,<0.1,107101,0,0,0.2,3557.8,<0.1,63701,94.5,26385,522,0,44.4
101,60%,nonunit,26300,41500,3562.9,<0.1,111601,0,3522.4,<0.1,71601,95.9,26742,44.5,3559.5,<0.1,110101,0,1044,0.2,3563.9,<0.1,103601,0,0,0.3,3539.0,<0.1,71701,95.9,26742,522,0,44.9
103,60%,nonunit,15783,24663,3571.1,<0.1,185101,0,3452.8,<0.1,115001,90.2,17850,83.6,3512.6,<0.1,214201,0,924,0.3,3507.4,<0.1,144582,0,0,5.3,3453.8,<0.1,107201,90.2,24386,462,0,199.0
105,60%,nonunit,26300,41500,3530.0,<0.1,76601,0,3575.4,<0.1,59401,95.9,26302,61.2,3557.3,<0.1,80301,0,1044,0.1,3542.3,<0.1,74621,0,0,0.1,3539.5,<0.1,63407,95.9,26302,522,0,56.5
107,60%,nonunit,13590,21240,3506.5,<0.1,240898,0,3518.8,<0.1,146977,90.9,18507,123.7,3534.0,<0.1,272413,0,892,0.6,3525.3,<0.1,257501,0,0,4.0,3443.1,<0.1,134401,90.9,23257,446,0,177.6
109,60%,nonunit,66992,90970,3338.3,NA,50701,100.0,3172.1,NA,47001,100.0,11435,1.4,3536.8,NA,39001,100.0,1332,0.1,3347.2,NA,48201,100.0,0,<0.1,579.0,NA,1,100.0,14118,2639,0,1.9
111,60%,nonunit,450,17831,3561.4,11.5,47801,0,3522.0,12.2,27965,0.1,10591,0.2,3575.8,12.8,1,21.8,50224,1.6,3525.9,11.4,42101,<0.1,2257,1.1,3587.0,12.5,1,23.0,10591,50396,741,1.8
113,60%,nonunit,26300,41500,3568.7,<0.1,111701,0,3565.7,<0.1,74801,94.5,23960,93.5,3548.7,<0.1,103401,0,1044,0.2,3567.8,<0.1,109301,0,0,0.3,3549.1,<0.1,52501,94.5,26446,522,0,123.6
115,60%,nonunit,18096,28281,3572.5,<0.1,201901,0,3569.0,<0.1,94601,89.8,24130,257.7,3546.2,<0.1,154201,0,952,0.3,3548.1,<0.1,190701,0,0,6.7,3528.0,<0.1,94101,89.8,25228,476,0,337.2
117,60%,nonunit,18096,28281,3564.6,<0.1,168901,0,3551.7,<0.1,97696,89.8,14948,86.2,3573.5,<0.1,174401,0,952,0.4,3579.8,<0.1,193301,0,0,6.8,3538.6,<0.1,99801,89.8,24551,476,0,339.2
119,60%,nonunit,18096,28281,3560.9,<0.1,164801,0,3564.1,<0.1,94701,93.6,24848,169.8,3538.0,<0.1,174108,0,952,0.3,3497.1,<0.1,141001,0,0,6.7,3587.5,<0.1,92270,93.6,24513,476,0,171.8
121,60%,nonunit,18096,28281,3563.3,<0.1,140821,0,3535.2,<0.1,96901,91.5,18167,106.2,3559.6,<0.1,163301,0,952,0.3,3570.6,<0.1,136601,0,0,6.0,3524.3,<0.1,100301,91.5,24442,476,0,246.1
123,60%,nonunit,26300,41500,3583.1,<0.1,108201,0,3541.8,<0.1,67401,94.6,27046,32.9,3549.5,<0.1,79701,0,1044,0.2,3546.8,<0.1,114201,0,0,0.2,3550.9,<0.1,52401,94.6,27046,522,0,42.8
125,60%,nonunit,26300,41500,3496.9,<0.1,102701,0,3557.3,<0.1,71076,94.5,27046,55.0,3432.9,<0.1,114201,0,1044,0.2,3580.9,<0.1,96801,0,0,0.2,3549.5,<0.1,70701,94.5,27046,522,0,50.2
127,60%,nonunit,18096,28281,3583.4,<0.1,188301,0,3572.2,<0.1,109030,91.7,19180,93.2,3575.7,<0.1,102001,0,952,0.4,3576.9,<0.1,164901,0,0,6.8,3551.8,<0.1,107901,91.7,24792,476,0,149.6
129,60%,nonunit,15783,24663,3551.2,<0.1,236427,0,3569.8,<0.1,125501,88.1,19334,150.6,3576.6,<0.1,176101,0,924,0.3,3580.2,<0.1,235901,0,0,5.2,3563.7,<0.1,142400,88.1,24245,462,0,196.8
131,60%,nonunit,2980,5360,3562.3,0.2,959141,0,3524.6,NA,57694,94.1,12882,80.1,3330.2,NA,102923,91.5,523,0.1,3589.2,0.2,904424,0,0,2.0,1506.9,NA,23202,94.1,14331,348,0,103.7
133,60%,nonunit,15783,24663,3574.3,<0.1,185101,0,3524.0,<0.1,135301,90.2,21879,106.5,3571.9,<0.1,174601,0,924,0.4,3529.3,<0.1,161201,0,0,5.2,3544.3,<0.1,128501,90.2,24705,462,0,153.8
135,60%,nonunit,26300,41500,3523.0,<0.1,121601,0,3536.0,<0.1,87201,95.8,25088,36.5,3542.8,<0.1,80203,0,1044,0.3,3557.0,<0.1,110101,0,0,0.2,3543.7,<0.1,78001,95.8,26254,522,0,40.9
137,60%,nonunit,26300,41500,3521.2,<0.1,111101,0,3553.4,<0.1,61311,95.8,24068,84.6,3573.8,<0.1,75201,0,1044,0.1,3524.9,<0.1,98001,0,0,0.2,3539.3,<0.1,81001,95.8,26690,522,0,101.3
139,60%,nonunit,18096,28281,3562.8,<0.1,137601,0,3550.2,<0.1,96501,91.7,24380,145.4,3566.4,<0.1,140001,0,952,0.3,3581.7,<0.1,120401,0,0,6.5,3561.7,<0.1,99401,91.7,24402,476,0,153.6
141,60%,nonunit,18096,28281,3568.1,<0.1,189001,0,3564.2,<0.1,103101,91.5,25953,101.5,3579.3,<0.1,144501,0,952,0.3,3558.5,<0.1,166601,0,0,6.1,3536.4,<0.1,104801,91.5,25793,476,0,110.2
143,60%,nonunit,18096,28281,3570.2,<0.1,183401,0,3553.8,<0.1,106201,91.7,18226,92.7,3566.3,<0.1,127601,0,952,0.2,3541.6,<0.1,146201,0,0,6.5,3570.9,<0.1,96001,91.7,24607,476,0,223.4
145,60%,nonunit,18096,28281,3495.0,<0.1,173701,0,3543.7,<0.1,93501,89.8,24543,126.8,3577.7,<0.1,132601,0,952,0.3,3587.4,<0.1,157451,0,0,7.3,3575.2,<0.1,110201,89.8,24631,476,0,131.2
147,60%,nonunit,18096,28281,3570.3,<0.1,196701,0,3545.9,<0.1,101601,89.8,24531,99.1,3582.7,<0.1,151001,0,952,0.3,3541.0,<0.1,185801,0,0,6.9,3553.5,<0.1,106064,89.8,24476,476,0,160.0
149,60%,nonunit,26300,41500,3440.7,<0.1,119601,0,3571.5,<0.1,64901,95.9,24645,60.1,3546.8,<0.1,81801,0,1044,0.2,3570.8,<0.1,106801,0,0,0.3,3521.6,<0.1,58714,95.9,26452,522,0,71.5
151,60%,nonunit,15783,24663,3539.6,<0.1,187901,0,3501.2,<0.1,112201,92.5,23764,64.2,3585.8,<0.1,152601,0,924,0.4,3564.3,<0.1,184101,0,0,5.0,3528.4,<0.1,110401,92.5,23764,462,0,71.5
153,60%,nonunit,29076,45570,3544.3,<0.1,111542,0,449.9,NA,3297,98.7,19130,135.6,3583.0,<0.1,80601,0,1068,0.2,3559.1,<0.1,109501,0,0,0.2,720.5,NA,1994,98.7,26865,534,0,358.8
155,60%,nonunit,26300,41500,3495.1,<0.1,115801,0,3540.8,<0.1,70001,95.9,23382,32.3,3576.6,<0.1,60203,0,1044,0.1,3525.7,<0.1,104401,0,0,0.2,3504.2,<0.1,88301,95.9,23860,522,0,47.3
157,60%,nonunit,2980,5360,3534.7,0.2,1116901,0,1292.0,NA,23902,94.0,8206,49.8,1630.5,NA,57380,91.2,632,<0.1,3559.2,0.2,1072301,0,0,2.3,1220.5,NA,23417,94.0,8916,348,0,61.5
159,60%,nonunit,18096,28281,3547.8,<0.1,170901,0,3548.3,<0.1,111001,91.5,19856,124.9,3553.8,<0.1,195201,0,952,0.3,3546.6,<0.1,146101,0,0,6.6,3511.0,<0.1,71801,91.5,24959,476,0,258.7
161,60%,nonunit,138141,227241,3575.7,0.3,201,0,3549.5,0.4,130,0,12000,0.4,3591.9,3.5,1,13.8,5321,0.5,3549.8,0.2,251,0,0,0,3589.9,5.7,1,0,12000,3456,0,0.6
163,60%,nonunit,18096,28281,3534.8,<0.1,131101,0,3546.4,<0.1,103001,91.5,23277,152.9,3585.8,<0.1,142401,0,952,0.3,3531.6,<0.1,131301,0,0,7.3,3517.6,<0.1,93401,91.5,24799,476,0,191.2
165,60%,nonunit,18096,28281,3354.4,<0.1,210401,0,3385.2,<0.1,108201,91.8,24279,85.0,3370.9,<0.1,171932,0,952,0.3,3427.9,<0.1,210302,0,0,6.4,3312.7,<0.1,105101,91.8,24279,476,0,91.6
167,60%,nonunit,15783,24663,3552.4,<0.1,224901,0,3563.9,<0.1,148401,92.5,24641,112.8,3504.3,<0.1,170701,0,924,0.3,3547.6,<0.1,221701,0,0,6.0,3533.9,<0.1,145301,92.5,24586,462,0,120.2
169,60%,nonunit,4768,8576,3516.0,0.2,781301,0,980.2,NA,7503,97.6,11769,156.1,573.0,NA,9195,95.6,945,<0.1,3545.6,0.2,769501,0,0,2.1,799.0,NA,6018,97.6,13243,372,0,205.1
171,60%,nonunit,18096,28281,3536.8,<0.1,179801,0,3533.2,<0.1,79401,89.8,20487,131.2,3561.1,<0.1,159901,0,952,0.4,3542.6,<0.1,178501,0,0,6.4,3541.4,<0.1,92101,89.8,24499,476,0,264.8
173,60%,nonunit,56860,77264,3298.6,NA,70901,100.0,2765.7,NA,45001,100.0,10602,1.4,3355.9,NA,48101,100.0,1268,0.1,3308.6,NA,68501,100.0,0,0.1,415.8,NA,1,100.0,19084,1027,0,2.6
175,60%,nonunit,3523,6446,3541.1,0.2,1040901,0,625.0,NA,8309,96.6,15013,117.1,1029.0,NA,34293,94.2,710,<0.1,3546.6,0.2,1023111,0,0,2.3,408.6,NA,2812,97.0,18855,356,0,186.2
177,60%,nonunit,5066,9112,3533.4,0.2,573375,0,3498.3,<0.1,25501,94.9,18431,209.5,3554.0,<0.1,44196,92.3,1004,0.1,3554.1,0.2,551601,0,0,1.7,3537.8,<0.1,21501,94.9,19980,376,0,289.6
179,60%,nonunit,15783,24663,3533.6,<0.1,219501,0,3517.8,<0.1,137901,90.2,19262,93.6,3525.1,<0.1,185301,0,924,0.5,3545.5,<0.1,211301,0,0,5.1,3544.7,<0.1,91701,90.2,23751,462,0,159.2
181,60%,nonunit,18096,28281,3541.3,<0.1,191601,0,3548.6,<0.1,69401,91.8,17884,138.5,3552.1,<0.1,166601,0,952,0.3,3556.8,<0.1,192001,0,0,6.8,3575.3,<0.1,71401,91.8,24538,476,0,366.8
183,60%,nonunit,72420,118362,3559.2,0.1,10213,0,3517.9,<0.1,6601,93.0,12000,2.1,3540.6,0.1,9308,0,1396,<0.1,3514.8,0.1,9948,0,0,<0.1,3559.0,<0.1,6901,93.0,12000,704,0,1.9
185,60%,nonunit,3523,6446,3503.5,0.2,1051201,0,568.4,NA,9118,96.4,7853,81.5,458.4,NA,10422,95.1,560,<0.1,3519.3,0.2,983399,0,0,2.5,642.7,NA,9111,96.4,8033,356,0,91.4
187,60%,nonunit,4227,7734,3515.8,0.2,832401,0,3506.8,<0.1,40501,95.2,8034,95.0,3562.0,<0.1,72897,93.1,853,0.1,3556.0,0.2,769101,0,0,2.2,3549.5,<0.1,35601,95.2,11269,366,0,189.2
189,60%,nonunit,7400,13600,3512.3,0.2,468201,0,3560.8,<0.1,13110,97.6,20301,396.4,3520.1,<0.1,21169,95.8,1408,0.1,3558.6,0.2,450772,0,0,2.7,3563.5,<0.1,10090,97.6,18770,403,0,423.4
191,60%,nonunit,4579,8378,3524.9,0.2,756001,0,1455.6,NA,13525,97.6,12046,170.2,1512.3,NA,20319,95.6,933,0.1,3516.7,0.2,705801,0,0,2.0,1463.6,NA,13525,97.6,12046,370,0,177.4
193,60%,nonunit,7030,12920,3490.2,0.2,481901,0,3455.5,<0.1,18401,97.4,13666,216.6,3546.8,<0.1,25311,96.0,1333,0.1,3554.6,0.2,472201,0,0,2.5,3551.9,<0.1,15011,97.4,19803,399,0,440.2
195,60%,nonunit,1150,81068,3580.4,15.6,3701,0,3586.7,15.6,1594,0,5284,<0.1,3591.1,14.9,1,3.9,3906,0.1,3547.8,15.6,2111,0,3693,7.2,3591.5,14.9,1,4.2,10568,3038,1882,4.1
197,60%,nonunit,1534,127011,3586.3,15.5,1343,0,3522.1,15.6,1204,0,6684,<0.1,3591.4,15.0,1,2.1,4266,0.1,3522.6,15.5,1161,0,4930,12.8,3591.5,15.0,1,2.0,10026,3318,1228,3.2
199,60%,nonunit,1534,126163,3565.6,15.4,404,0,3564.2,15.5,1001,<0.1,10002,<0.1,3570.5,15.3,1,0.3,59487,2.8,3589.7,15.1,901,0,4922,12.7,3561.5,15.5,1,0.4,10002,58065,2476,9.3
1,70%,nonunit,6160,40207,1.6,NA,1,100.0,1.5,NA,1,100.0,0,0,2.6,NA,1,100.0,0,0,1.5,NA,1,100.0,0,0,2.6,NA,1,100.0,0,0,0,0
3,70%,nonunit,60541,48418,10.3,NA,1,100.0,10.8,NA,1,100.0,0,0,17.3,NA,1,100.0,0,0,10.6,NA,1,100.0,0,0,17.6,NA,1,100.0,0,0,0,0
5,70%,nonunit,200,798,0.1,NA,1,100.0,0.1,NA,1,100.0,143,0,0.1,NA,1,100.0,26,0,0.1,NA,1,100.0,103,<0.1,0.1,NA,1,100.0,143,26,103,<0.1
7,70%,nonunit,8794,10121,0.6,NA,1,100.0,0.6,NA,1,100.0,0,0,0.9,NA,1,100.0,0,0,0.6,NA,1,100.0,0,0,0.9,NA,1,100.0,0,0,0,0
9,70%,nonunit,38452,174645,37.3,NA,1,100.0,39.0,NA,1,100.0,3000,<0.1,62.9,NA,1,100.0,331,<0.1,41.3,NA,1,100.0,0,2.5,65.8,NA,1,100.0,3000,331,0,2.5
11,70%,nonunit,9877,25973,1.5,NA,1,100.0,1.5,NA,1,100.0,0,0,2.7,NA,1,100.0,0,0,1.5,NA,1,100.0,0,0,2.7,NA,1,100.0,0,0,0,0
13,70%,nonunit,45307,36697,7.0,NA,1,100.0,6.8,NA,1,100.0,0,0,9.8,NA,1,100.0,0,0,6.8,NA,1,100.0,0,0,10.1,NA,1,100.0,0,0,0,0
15,70%,nonunit,53610,42940,7.9,NA,1,100.0,7.8,NA,1,100.0,0,0,12.4,NA,1,100.0,0,0,8.1,NA,1,100.0,0,0,12.2,NA,1,100.0,0,0,0,0
17,70%,nonunit,23541,34233,5.6,NA,1,100.0,5.6,NA,1,100.0,0,0,8.8,NA,1,100.0,0,0,4.9,NA,1,100.0,0,0,8.4,NA,1,100.0,0,0,0,0
19,70%,nonunit,200,862,0.1,NA,1,100.0,0.1,NA,1,100.0,136,<0.1,0.1,NA,1,100.0,29,0,0.1,NA,1,100.0,51,<0.1,0.1,NA,1,100.0,136,24,48,<0.1
21,70%,nonunit,24765,19655,2.0,NA,1,100.0,2.0,NA,1,100.0,0,0,3.1,NA,1,100.0,0,0,2.1,NA,1,100.0,0,0,3.1,NA,1,100.0,0,0,0,0
23,70%,nonunit,27717,133665,24.3,NA,1,100.0,23.8,NA,1,100.0,3000,<0.1,37.5,NA,1,100.0,303,<0.1,25.4,NA,1,100.0,0,0.6,38.0,NA,1,100.0,3000,303,0,0.7
25,70%,nonunit,23194,18295,1.9,NA,1,100.0,1.8,NA,1,100.0,0,0,2.8,NA,1,100.0,0,0,1.9,NA,1,100.0,0,0,2.8,NA,1,100.0,0,0,0,0
27,70%,nonunit,65866,52435,12.0,NA,1,100.0,12.1,NA,1,100.0,0,0,19.8,NA,1,100.0,0,0,11.9,NA,1,100.0,0,0,19.9,NA,1,100.0,0,0,0,0
29,70%,nonunit,13431,16234,1.3,NA,1,100.0,1.2,NA,1,100.0,0,0,2.0,NA,1,100.0,0,0,1.2,NA,1,100.0,0,0,2.0,NA,1,100.0,0,0,0,0
31,70%,nonunit,200,813,0.5,NA,1,100.0,1.3,NA,493,100.0,263,<0.1,0.8,NA,101,100.0,119,0,4.5,NA,8241,100.0,198,0.1,0.3,NA,1,100.0,428,98,104,<0.1
33,70%,nonunit,4410,6885,0.5,NA,1,100.0,0.5,NA,1,100.0,252,0,0.6,NA,1,100.0,182,0,0.5,NA,1,100.0,0,0.1,0.7,NA,1,100.0,252,182,0,0.1
35,70%,nonunit,200,864,0.1,NA,1,100.0,0.1,NA,1,100.0,192,<0.1,0.1,NA,1,100.0,37,0,0.2,NA,1,100.0,92,<0.1,0.2,NA,1,100.0,192,32,92,<0.1
37,70%,nonunit,198,808,0.2,NA,1,100.0,0.1,NA,1,100.0,147,<0.1,0.1,NA,1,100.0,36,0,0.2,NA,1,100.0,109,<0.1,0.2,NA,1,100.0,158,31,199,0.1
39,70%,nonunit,6795,10620,0.8,NA,1,100.0,0.8,NA,1,100.0,465,<0.1,1.1,NA,1,100.0,195,0,1.0,NA,1,100.0,0,0.1,1.2,NA,1,100.0,465,195,0,0.2
41,70%,nonunit,200,1023,252.9,NA,441001,100.0,81.6,NA,51428,100.0,331,0.1,29.7,NA,24229,100.0,99,<0.1,63.0,NA,47273,100.0,218,0.1,1.8,NA,1,100.0,2044,190,194,0.3
43,70%,nonunit,200,841,29.4,NA,23170,100.0,3.5,NA,2599,100.0,257,<0.1,1.4,NA,493,100.0,125,<0.1,29.9,NA,23170,100.0,112,<0.1,1.8,NA,1,100.0,2656,251,140,0.3
45,70%,nonunit,200,1020,40.8,NA,74001,100.0,0.4,NA,1,100.0,285,<0.1,1.1,NA,228,100.0,84,0,41.6,NA,74001,100.0,108,0.1,0.3,NA,1,100.0,311,58,108,0.1
47,70%,nonunit,200,1093,939.2,NA,1402001,100.0,70.7,NA,68001,100.0,286,0.1,2438.1,NA,2171658,100.0,76,2.2,963.5,NA,1402001,100.0,107,1.8,17.2,NA,4785,100.0,4264,331,217,0.4
49,70%,nonunit,200,933,0.2,NA,1,100.0,0.6,NA,1,100.0,220,<0.1,0.3,NA,1,100.0,53,0,0.2,NA,1,100.0,116,<0.1,0.3,NA,1,100.0,302,45,219,0.1
51,70%,nonunit,200,1098,48.5,NA,61337,100.0,26.0,NA,25001,100.0,295,0.1,59.6,NA,53001,100.0,121,<0.1,1855.4,NA,2077701,100.0,312,2.0,1.3,NA,1,100.0,1844,206,207,0.2
53,70%,nonunit,200,1026,356.6,NA,597001,100.0,42.3,NA,35239,100.0,247,0.1,381.1,NA,356861,100.0,78,0.5,201.0,NA,261001,100.0,191,0.2,3.2,NA,1,100.0,3754,157,139,0.4
55,70%,nonunit,200,938,0.1,NA,1,100.0,0.2,NA,1,100.0,163,<0.1,0.1,NA,1,100.0,48,0,0.1,NA,1,100.0,99,<0.1,0.2,NA,1,100.0,163,47,99,<0.1
57,70%,nonunit,200,1160,3492.0,<0.1,4750833,0,1622.9,NA,1062232,0,296,1.4,1898.2,NA,1421012,0,119,1.4,3538.6,<0.1,4705552,0,116,5.4,263.7,NA,22477,0,25235,1619,116,3.0
59,70%,nonunit,200,961,0.7,NA,64,100.0,0.2,NA,1,100.0,227,<0.1,0.4,NA,1,100.0,85,0,0.8,NA,64,100.0,102,<0.1,0.2,NA,1,100.0,227,62,102,<0.1
61,70%,nonunit,200,931,0.3,NA,1,100.0,0.3,NA,1,100.0,240,<0.1,0.1,NA,1,100.0,65,0,0.3,NA,1,100.0,105,<0.1,0.3,NA,1,100.0,441,51,105,<0.1
63,70%,nonunit,200,1011,0.4,NA,1,100.0,12.0,NA,11001,100.0,265,<0.1,1.9,NA,965,100.0,86,0,0.4,NA,1,100.0,116,<0.1,1.4,NA,1,100.0,1919,130,217,0.2
65,70%,nonunit,200,1011,14.9,NA,31001,100.0,0.9,NA,296,100.0,264,<0.1,2.2,NA,1011,100.0,86,0,1.6,NA,1507,100.0,211,<0.1,0.7,NA,1,100.0,733,75,116,0.1
67,70%,nonunit,200,1174,3459.1,<0.1,3915962,0,2241.2,NA,1424378,0,307,2.5,886.2,NA,604493,0,147,0.7,3457.0,<0.1,3668504,0,440,3.9,432.0,NA,34820,0,29914,9628,130,3.2
69,70%,nonunit,200,1083,8.9,NA,15001,100.0,2.9,NA,1695,100.0,294,0,48.8,NA,33481,100.0,132,0.1,9.3,NA,15001,100.0,115,<0.1,1.6,NA,1,100.0,1542,179,115,0.2
71,70%,nonunit,200,952,0.4,NA,1,100.0,0.2,NA,1,100.0,237,<0.1,0.4,NA,1,100.0,44,0,0.5,NA,1,100.0,153,<0.1,0.3,NA,1,100.0,315,36,111,<0.1
73,70%,nonunit,200,1078,1.3,NA,1001,100.0,10.8,NA,9332,100.0,289,<0.1,1.1,NA,101,100.0,89,0,1.4,NA,1001,100.0,109,<0.1,1.7,NA,1,100.0,2138,183,109,0.2
75,70%,nonunit,26300,41500,10.5,NA,1,100.0,11.0,NA,1,100.0,2001,0.1,15.1,NA,1,100.0,261,<0.1,13.6,NA,1,100.0,0,2.8,18.4,NA,1,100.0,2001,261,0,3.4
77,70%,nonunit,200,961,0.7,NA,64,100.0,0.2,NA,1,100.0,227,<0.1,0.4,NA,1,100.0,85,<0.1,0.8,NA,64,100.0,102,<0.1,0.2,NA,1,100.0,227,62,102,<0.1
79,70%,nonunit,26300,41500,12.6,NA,1,100.0,12.7,NA,1,100.0,1743,0.1,16.4,NA,1,100.0,261,0,14.5,NA,1,100.0,0,2.1,18.8,NA,1,100.0,1743,261,0,2.3
81,70%,nonunit,199,1091,3501.1,<0.1,5634068,0,3427.3,<0.1,2638650,0,280,4.9,3434.0,NA,3413337,0,79,3.7,3506.6,<0.1,4344086,0,190,5.9,955.5,NA,78017,0,27386,2621,209,3.2
83,70%,nonunit,200,1172,3529.8,0.1,3128016,0,3500.8,0.1,1758536,0,375,3.9,3495.1,0.1,1900501,0,148,2.7,3507.4,0.1,2537801,0,242,4.0,2264.7,NA,204388,0,29355,13205,117,3.4
85,70%,nonunit,11470,17408,1.5,NA,1,100.0,1.5,NA,1,100.0,623,<0.1,2.2,NA,1,100.0,215,0,1.7,NA,1,100.0,0,0.3,2.5,NA,1,100.0,623,215,0,0.3
87,70%,nonunit,13590,21240,2.6,NA,1,100.0,2.7,NA,1,100.0,816,<0.1,3.7,NA,1,100.0,223,0,3.1,NA,1,100.0,0,0.5,4.3,NA,1,100.0,816,223,0,0.5
89,70%,nonunit,57316,77978,26.4,NA,1,100.0,26.6,NA,1,100.0,2376,0.2,46.1,NA,1,100.0,318,<0.1,30.3,NA,1,100.0,0,4.0,49.9,NA,1,100.0,2376,318,0,4.2
91,70%,nonunit,200,1163,3477.6,0.1,2841501,0,3513.3,0.1,1543628,0,326,3.4,3523.5,0.1,1900101,0,188,2.9,3437.1,0.1,2756601,0,118,4.0,2623.2,NA,213620,0,27225,3992,123,3.1
93,70%,nonunit,200,1162,3533.2,0.1,4107368,0,3537.5,<0.1,2012801,0,297,4.5,3492.3,<0.1,1870301,0,134,2.7,3493.5,0.1,3225151,0,448,4.3,1825.5,NA,228573,0,28576,3631,226,3.5
95,70%,nonunit,15783,24663,3.3,NA,1,100.0,3.4,NA,1,100.0,1061,<0.1,4.9,NA,1,100.0,231,0,4.1,NA,1,100.0,0,0.8,5.7,NA,1,100.0,1061,231,0,0.8
97,70%,nonunit,18096,28281,4.8,NA,1,100.0,4.8,NA,1,100.0,1333,0.1,6.9,NA,1,100.0,238,0,6.1,NA,1,100.0,0,1.2,8.2,NA,1,100.0,1333,238,0,1.3
99,70%,nonunit,26300,41500,11.9,NA,1,100.0,12.1,NA,1,100.0,1970,0.1,16.3,NA,1,100.0,261,<0.1,14.7,NA,1,100.0,0,2.7,19.4,NA,1,100.0,1970,261,0,3.0
101,70%,nonunit,26300,41500,10.0,NA,1,100.0,10.1,NA,1,100.0,1929,0.1,14.3,NA,1,100.0,261,0,12.6,NA,1,100.0,0,2.8,17.2,NA,1,100.0,1929,261,0,3.0
103,70%,nonunit,15783,24663,3.5,NA,1,100.0,3.5,NA,1,100.0,1038,<0.1,5.0,NA,1,100.0,231,<0.1,4.3,NA,1,100.0,0,0.8,5.8,NA,1,100.0,1038,231,0,0.8
105,70%,nonunit,26300,41500,11.4,NA,1,100.0,11.9,NA,1,100.0,1918,0.1,16.2,NA,1,100.0,261,<0.1,14.3,NA,1,100.0,0,2.7,18.3,NA,1,100.0,1918,261,0,2.7
107,70%,nonunit,13590,21240,3.3,NA,1,100.0,3.2,NA,1,100.0,887,<0.1,4.4,NA,1,100.0,223,<0.1,3.7,NA,1,100.0,0,0.5,5.0,NA,1,100.0,887,223,0,0.6
109,70%,nonunit,66992,90970,32.2,NA,1,100.0,32.1,NA,1,100.0,2767,0.2,58.4,NA,1,100.0,333,<0.1,37.3,NA,1,100.0,0,5.5,64.1,NA,1,100.0,2767,333,0,5.8
111,70%,nonunit,450,17831,3559.8,5.7,139801,0,3507.2,5.5,115201,0,2492,0.5,3547.9,7.6,1,12.2,105608,3.2,3510.6,5.7,127101,0,1105,0.5,3570.1,7.5,1,12.0,10591,104576,556,3.3
113,70%,nonunit,26300,41500,10.4,NA,1,100.0,10.4,NA,1,100.0,1822,0.1,14.5,NA,1,100.0,261,0,13.6,NA,1,100.0,0,2.4,17.0,NA,1,100.0,1822,261,0,2.5
115,70%,nonunit,18096,28281,3.6,NA,1,100.0,3.6,NA,1,100.0,1339,0.1,5.7,NA,1,100.0,238,0,4.9,NA,1,100.0,0,1.3,7.1,NA,1,100.0,1339,238,0,1.4
117,70%,nonunit,18096,28281,4.6,NA,1,100.0,4.5,NA,1,100.0,1321,0.1,6.8,NA,1,100.0,238,<0.1,5.7,NA,1,100.0,0,1.3,8.2,NA,1,100.0,1321,238,0,1.4
119,70%,nonunit,18096,28281,5.5,NA,1,100.0,5.6,NA,1,100.0,1284,0.1,7.6,NA,1,100.0,238,0,6.3,NA,1,100.0,0,1.1,8.8,NA,1,100.0,1284,238,0,1.2
121,70%,nonunit,18096,28281,6.1,NA,1,100.0,6.1,NA,1,100.0,1225,0.1,8.3,NA,1,100.0,238,<0.1,7.2,NA,1,100.0,0,1.1,9.2,NA,1,100.0,1225,238,0,1.1
123,70%,nonunit,26300,41500,12.1,NA,1,100.0,12.1,NA,1,100.0,2008,0.1,16.1,NA,1,100.0,261,0,14.5,NA,1,100.0,0,2.9,20.8,NA,1,100.0,2008,261,0,3.0
125,70%,nonunit,26300,41500,10.3,NA,1,100.0,10.1,NA,1,100.0,2034,0.1,13.5,NA,1,100.0,261,0,12.9,NA,1,100.0,0,3.2,17.3,NA,1,100.0,2034,261,0,3.3
127,70%,nonunit,18096,28281,6.0,NA,1,100.0,5.9,NA,1,100.0,1382,0.1,7.9,NA,1,100.0,238,0,7.5,NA,1,100.0,0,1.4,9.5,NA,1,100.0,1382,238,0,1.4
129,70%,nonunit,15783,24663,4.5,NA,1,100.0,4.7,NA,1,100.0,1102,<0.1,6.1,NA,1,100.0,231,<0.1,5.4,NA,1,100.0,0,0.8,7.1,NA,1,100.0,1102,231,0,0.9
131,70%,nonunit,2980,5360,0.4,NA,1,100.0,0.4,NA,1,100.0,236,0,0.4,NA,1,100.0,174,0,0.4,NA,1,100.0,0,<0.1,0.5,NA,1,100.0,236,174,0,<0.1
133,70%,nonunit,15783,24663,3.9,NA,1,100.0,4.1,NA,1,100.0,1075,0.1,5.5,NA,1,100.0,231,<0.1,4.8,NA,1,100.0,0,0.9,6.2,NA,1,100.0,1075,231,0,0.9
135,70%,nonunit,26300,41500,13.6,NA,1,100.0,13.1,NA,1,100.0,1981,0.1,17.3,NA,1,100.0,261,<0.1,15.3,NA,1,100.0,0,2.9,20.6,NA,1,100.0,1981,261,0,2.9
137,70%,nonunit,26300,41500,9.7,NA,1,100.0,9.5,NA,1,100.0,1813,0.1,13.8,NA,1,100.0,261,0,12.3,NA,1,100.0,0,2.4,16.0,NA,1,100.0,1813,261,0,2.5
139,70%,nonunit,18096,28281,6.1,NA,1,100.0,6.0,NA,1,100.0,1317,0.1,8.1,NA,1,100.0,238,<0.1,7.2,NA,1,100.0,0,1.2,9.7,NA,1,100.0,1317,238,0,1.3
141,70%,nonunit,18096,28281,4.7,NA,1,100.0,4.5,NA,1,100.0,1117,<0.1,6.6,NA,1,100.0,238,0,5.5,NA,1,100.0,0,0.9,7.7,NA,1,100.0,1117,238,0,1.0
143,70%,nonunit,18096,28281,4.5,NA,1,100.0,4.4,NA,1,100.0,1298,0.1,6.5,NA,1,100.0,238,<0.1,6.1,NA,1,100.0,0,1.3,7.8,NA,1,100.0,1298,238,0,1.2
145,70%,nonunit,18096,28281,5.4,NA,1,100.0,5.9,NA,1,100.0,1427,0.1,7.7,NA,1,100.0,238,<0.1,7.1,NA,1,100.0,0,1.4,9.2,NA,1,100.0,1427,238,0,1.5
147,70%,nonunit,18096,28281,6.5,NA,1,100.0,6.5,NA,1,100.0,1206,0.1,8.7,NA,1,100.0,238,0,7.5,NA,1,100.0,0,1.0,9.7,NA,1,100.0,1206,238,0,1.1
149,70%,nonunit,26300,41500,11.9,NA,1,100.0,12.5,NA,1,100.0,2021,0.1,16.9,NA,1,100.0,261,0,15.4,NA,1,100.0,0,3.0,19.4,NA,1,100.0,2021,261,0,3.2
151,70%,nonunit,15783,24663,3.5,NA,1,100.0,3.6,NA,1,100.0,1053,<0.1,4.9,NA,1,100.0,231,0,4.2,NA,1,100.0,0,0.8,5.8,NA,1,100.0,1053,231,0,0.8
153,70%,nonunit,29076,45570,11.1,NA,1,100.0,11.1,NA,1,100.0,2066,0.2,15.9,NA,1,100.0,267,<0.1,13.8,NA,1,100.0,0,3.1,18.9,NA,1,100.0,2066,267,0,3.2
155,70%,nonunit,26300,41500,11.0,NA,1,100.0,11.5,NA,1,100.0,1911,0.2,15.0,NA,1,100.0,261,<0.1,13.8,NA,1,100.0,0,2.9,18.2,NA,1,100.0,1911,261,0,2.8
157,70%,nonunit,2980,5360,0.4,NA,1,100.0,0.4,NA,1,100.0,255,0,0.5,NA,1,100.0,174,<0.1,0.5,NA,1,100.0,0,0.1,0.6,NA,1,100.0,255,174,0,0.1
159,70%,nonunit,18096,28281,6.0,NA,1,100.0,5.9,NA,1,100.0,1164,0.1,8.0,NA,1,100.0,238,0,6.7,NA,1,100.0,0,1.0,9.1,NA,1,100.0,1164,238,0,1.0
161,70%,nonunit,138141,227241,435.0,NA,1,100.0,446.9,NA,1,100.0,3000,<0.1,502.5,NA,1,100.0,384,<0.1,442.1,NA,1,100.0,0,0,498.7,NA,1,100.0,3000,384,0,<0.1
163,70%,nonunit,18096,28281,6.3,NA,1,100.0,6.4,NA,1,100.0,1326,0.1,8.5,NA,1,100.0,238,0,7.6,NA,1,100.0,0,1.3,9.7,NA,1,100.0,1326,238,0,1.3
165,70%,nonunit,18096,28281,4.2,NA,1,100.0,4.2,NA,1,100.0,1340,0.1,6.2,NA,1,100.0,238,0,5.6,NA,1,100.0,0,1.4,7.6,NA,1,100.0,1340,238,0,1.3
167,70%,nonunit,15783,24663,4.2,NA,1,100.0,4.2,NA,1,100.0,1049,<0.1,5.6,NA,1,100.0,231,<0.1,4.8,NA,1,100.0,0,0.8,6.4,NA,1,100.0,1049,231,0,0.8
169,70%,nonunit,4768,8576,0.8,NA,1,100.0,0.8,NA,1,100.0,394,<0.1,1.0,NA,1,100.0,186,0,0.9,NA,1,100.0,0,0.1,1.1,NA,1,100.0,394,186,0,0.1
171,70%,nonunit,18096,28281,4.0,NA,1,100.0,4.3,NA,1,100.0,1091,<0.1,6.2,NA,1,100.0,238,0,5.0,NA,1,100.0,0,0.9,7.1,NA,1,100.0,1091,238,0,0.9
173,70%,nonunit,56860,77264,21.7,NA,1,100.0,21.8,NA,1,100.0,2305,0.2,40.6,NA,1,100.0,317,<0.1,25.5,NA,1,100.0,0,3.8,44.8,NA,1,100.0,2305,317,0,4.1
175,70%,nonunit,3523,6446,0.5,NA,1,100.0,0.5,NA,1,100.0,342,<0.1,0.6,NA,1,100.0,178,0,0.6,NA,1,100.0,0,0.1,0.7,NA,1,100.0,342,178,0,0.1
177,70%,nonunit,5066,9112,0.8,NA,1,100.0,0.8,NA,1,100.0,429,0,1.0,NA,1,100.0,188,0,1.0,NA,1,100.0,0,0.1,1.2,NA,1,100.0,429,188,0,0.2
179,70%,nonunit,15783,24663,3.1,NA,1,100.0,3.0,NA,1,100.0,1030,<0.1,4.7,NA,1,100.0,231,<0.1,3.8,NA,1,100.0,0,0.8,5.5,NA,1,100.0,1030,231,0,0.8
181,70%,nonunit,18096,28281,6.2,NA,1,100.0,6.2,NA,1,100.0,1279,0.1,8.3,NA,1,100.0,238,0,7.1,NA,1,100.0,0,1.1,9.4,NA,1,100.0,1279,238,0,1.2
183,70%,nonunit,72420,118362,79.2,NA,1,100.0,80.1,NA,1,100.0,3000,<0.1,113.1,NA,1,100.0,349,0,87.1,NA,1,100.0,0,<0.1,113.1,NA,1,100.0,3000,349,0,<0.1
185,70%,nonunit,3523,6446,0.5,NA,1,100.0,0.5,NA,1,100.0,313,0,0.6,NA,1,100.0,178,0,0.6,NA,1,100.0,0,0.1,0.7,NA,1,100.0,313,178,0,0.1
187,70%,nonunit,4227,7734,0.7,NA,1,100.0,0.7,NA,1,100.0,411,<0.1,0.8,NA,1,100.0,183,0,0.8,NA,1,100.0,0,0.1,0.9,NA,1,100.0,411,183,0,0.1
189,70%,nonunit,7400,13600,1.7,NA,1,100.0,1.8,NA,1,100.0,714,<0.1,2.1,NA,1,100.0,201,0,2.1,NA,1,100.0,0,0.4,2.5,NA,1,100.0,714,201,0,0.4
191,70%,nonunit,4579,8378,0.8,NA,1,100.0,0.8,NA,1,100.0,394,<0.1,0.9,NA,1,100.0,185,0,0.9,NA,1,100.0,0,0.1,1.0,NA,1,100.0,394,185,0,0.1
193,70%,nonunit,7030,12920,1.5,NA,1,100.0,1.5,NA,1,100.0,620,<0.1,1.8,NA,1,100.0,199,0,1.7,NA,1,100.0,0,0.3,2.1,NA,1,100.0,620,199,0,0.3
195,70%,nonunit,1150,81068,3503.0,8.7,1626,0,3537.6,8.7,3594,0,5284,<0.1,3549.2,8.4,1,0.6,50778,2.6,3508.3,8.7,1969,0,690,0.8,3574.2,8.4,1,0.6,10568,47957,690,3.4
197,70%,nonunit,1534,127011,3577.4,8.6,2979,0,3536.8,8.6,1642,0,6684,0.1,3563.6,8.7,2006,0,948,<0.1,3546.9,8.6,2825,0,922,1.4,3518.4,8.6,1,0,10026,138063,922,8.7
199,70%,nonunit,1534,126163,3556.2,8.6,2954,0,3536.3,8.7,1964,0,6668,<0.1,3550.2,8.7,1859,0,948,<0.1,3565.8,8.7,1078,0,3730,6.9,3539.1,8.6,1,0,10002,207548,6476,20.6
